名称,区,板块,具体地址,面积（㎡）,房型,租价（元/月）
整租·高教大楼 1房间 东,昌平,沙河,高教大楼,18.78㎡,东,1房间1卫
独栋·北京企鹅公寓 南法信店 物业急租  特价小开间 开间,,,,12.00㎡,,1室0厅1卫
整租·高教大楼 1房间 北,昌平,沙河,高教大楼,18.00㎡,北,1房间1卫
独栋·员宿 员宿北京大兴生物制药基地店 园区首选限时特惠 开间,,,,25.00㎡,,1室0厅1卫
整租·高教大楼 1房间 东,昌平,沙河,高教大楼,18.78㎡,东,1房间1卫
独栋·ZOME己美 北京后沙峪D36栋 精致套房 开间,,,,20.00㎡,,1室0厅1卫
整租·南厂东区 1室1厅 南,昌平,南口,南厂东区,38.70㎡,南,1室1厅1卫
独栋·欣悦青年社区 天通苑北店 温馨一居室 1室1厅,,,,20.00㎡,,1室1厅1卫
整租·高教大楼 1房间 南,昌平,沙河,高教大楼,18.00㎡,南,1房间1卫
独栋·德彩创意公寓 俸伯青年社区 精致独卫大床房 1室1厅,,,,18.00-30.00㎡,,1室1厅1卫
整租·高教大楼 1房间 东,昌平,沙河,高教大楼,19.83㎡,东,1房间1卫
整租·北街家园五区 2房间 南,昌平,沙河,北街家园五区,18.78㎡,南,2房间1卫
整租·高教大楼 1房间 北,昌平,沙河,高教大楼,18.06㎡,北,1房间1卫
整租·高教大楼 1房间 南,昌平,沙河,高教大楼,18.00㎡,南,1房间1卫
整租·高教大楼 1房间 西南/北,昌平,沙河,高教大楼,18.00㎡,西南 北,1房间1卫
整租·高教大楼 1房间 南,昌平,沙河,高教大楼,18.00㎡,南,1房间1卫
整租·高教大楼 1房间 东,昌平,沙河,高教大楼,18.88㎡,东,1房间1卫
整租·高教大楼 1房间 南,昌平,沙河,高教大楼,18.06㎡,南,1房间1卫
整租·高教大楼 1房间 北,昌平,沙河,高教大楼,18.06㎡,北,1房间1卫
整租·高教大楼 1房间 南,昌平,沙河,高教大楼,18.99㎡,南,1房间1卫
独栋·ZOME己美 北京后沙峪D36栋 精致套房 开间,,,,20.00㎡,,1室0厅1卫
整租·宾阳里小区 1室1厅 南,密云,鼓楼街道,宾阳里小区,39.59㎡,南,1室1厅1卫
独栋·欣悦青年社区 崔各庄店 温馨公寓开间 开间,,,,30.00㎡,,1室0厅1卫
整租·众美MIMO公馆 2房间 南,大兴,大兴新机场,众美MIMO公馆,23.02㎡,南,2房间1卫
独栋·欣悦青年社区 天通苑北店 温馨一居室 1室1厅,,,,20.00㎡,,1室1厅1卫
整租·樱花园 1室1厅 南,朝阳,惠新西街,樱花园,39.55㎡,南,1室1厅1卫
整租·卡夫卡公社 2房间 西,朝阳,定福庄,卡夫卡公社,32.00㎡,西,2房间1卫
整租·润枫嘉尚 1房间 南,朝阳,石佛营,润枫嘉尚,40.00㎡,南,1房间1卫
整租·和平里七区 1室1厅 南,东城,和平里,和平里七区,35.00㎡,南,1室1厅1卫
整租·朱各庄小区 1室1厅 南,海淀,万寿路,朱各庄小区,38.40㎡,南,1室1厅1卫
整租·新外大街28号院 1室1厅 南,西城,德胜门,新外大街28号院,39.90㎡,南,1室1厅1卫
整租·奥北南区 1室1厅 北,朝阳,立水桥,奥北南区,31.33㎡,北,1室1厅1卫
整租·新裕家园 1室0厅 北,东城,崇文门,新裕家园,36.00㎡,北,1室0厅1卫
整租·广安门内大街 1室1厅 西,西城,牛街,广安门内大街,35.00㎡,西,1室1厅1卫
整租·西草市东街甲34号院 1室1厅 南,东城,天坛,西草市东街甲34号院,31.77㎡,南,1室1厅1卫
整租·7克拉 1室1厅 东,丰台,马家堡,7克拉,39.92㎡,东,1室1厅1卫
整租·荣丰2008 1室1厅 东,西城,广安门,荣丰2008,31.92㎡,东,1室1厅1卫
整租·小黄庄前街2号院 1室1厅 南,朝阳,安贞,小黄庄前街2号院,39.91㎡,南,1室1厅1卫
整租·五福玲珑居南区 1室1厅 南,海淀,四季青,五福玲珑居南区,38.29㎡,南,1室1厅1卫
整租·荣京丽都 2房间 东南,亦庄开发区,亦庄,荣京丽都,36.00㎡,东南,2房间1卫
整租·天天朝阳 1室1厅 西,朝阳,甘露园,天天朝阳,38.12㎡,西,1室1厅1卫
整租·平乐园小区 1室1厅 南,朝阳,北工大,平乐园小区,36.90㎡,南,1室1厅1卫
整租·西三环北路86号院 1室0厅 东/南,海淀,甘家口,西三环北路86号院,37.00㎡,东 南,1室0厅1卫
整租·美立方 1房间 北,朝阳,北苑,美立方,38.00㎡,北,1房间1卫
整租·万寿路26号院 1室1厅 南,海淀,公主坟,万寿路26号院,40.00㎡,南,1室1厅1卫
整租·温家街2号院 1室1厅 南,西城,金融街,温家街2号院,36.20㎡,南,1室1厅1卫
整租·安宁佳园 1室0厅 南,海淀,安宁庄,安宁佳园,38.00㎡,南,1室0厅1卫
整租·东亚上北中心 1室1厅 北,昌平,回龙观,东亚上北中心,38.43㎡,北,1室1厅1卫
整租·点击未来 1室0厅 西北,朝阳,望京,点击未来,38.80㎡,西北,1室0厅1卫
整租·万寿路1号院 1室1厅 南,海淀,万寿路,万寿路1号院,37.00㎡,南,1室1厅1卫
整租·东亚望京中心 2房间 东南,朝阳,望京,东亚望京中心,40.00㎡,东南,2房间1卫
整租·卡夫卡公社 2房间 南,朝阳,定福庄,卡夫卡公社,37.00㎡,南,2房间1卫
整租·莱圳家园 1室1厅 西,海淀,清河,莱圳家园,32.37㎡,西,1室1厅1卫
整租·飘HOME 1室0厅 北,朝阳,酒仙桥,飘HOME,39.84㎡,北,1室0厅1卫
整租·定慧西里 1室1厅 南,海淀,定慧寺,定慧西里,40.00㎡,南,1室1厅1卫
整租·紫金数码 1室1厅 东,海淀,中关村,紫金数码,39.48㎡,东,1室1厅1卫
整租·锡拉胡同21号院 1室1厅 南,东城,灯市口,锡拉胡同21号院,35.28㎡,南,1室1厅1卫
整租·知春里 1室1厅 南,海淀,双榆树,知春里,40.00㎡,南,1室1厅1卫
独栋·魔方公寓 北京三元桥店 三元桥稀缺户型 精致白领的最优选择 1室1厅,,,,35.00㎡,,1室1厅1卫
整租·瞰都国际 1室0厅 西北,朝阳,朝阳公园,瞰都国际,39.44㎡,西北,1室0厅1卫
独栋·共享际公寓 金台·共享际 开间 开间,,,,20.98-25.07㎡,,1室0厅1卫
整租·天作国际中心 1室0厅 南,海淀,皂君庙,天作国际中心,38.79㎡,南,1室0厅1卫
独栋·方隅公寓 天峰方隅公寓（中骏世界城店） 方隅公寓 全新家电 免费停车 首月立减 800 1室1厅,,,,37.00-42.00㎡,,1室1厅1卫
整租·育幼胡同 1室1厅 南,西城,官园,育幼胡同,36.60㎡,南,1室1厅1卫
独栋·魔方公寓 北京建国门店 光华路SOHO 近国贸商城的美丽公寓 长租折上折 1室1厅,,,,25.00㎡,,1室1厅1卫
整租·黄庄小区 1室1厅 东,海淀,中关村,黄庄小区,39.10㎡,东,1室1厅1卫
独栋·魔方公寓 北京建国门店 国贸板块步行可达地铁 押一付一无中介费 省心租房 1室1厅,,,,18.00㎡,,1室1厅1卫
整租·天鹅湾北区 1室1厅 东,朝阳,朝青,天鹅湾北区,39.56㎡,东,1室1厅2卫
独栋·魔方公寓 北京紫竹院店 海淀区整租一居室 近首师大 北外 北舞 省心租房月付无中介费 1室1厅,,,,30.00㎡,,1室1厅1卫
整租·紫金印象 1室1厅 西,西城,右安门内,紫金印象,31.02㎡,西,1室1厅1卫
整租·荣丰2008 1室1厅 南,西城,广安门,荣丰2008,31.52㎡,南,1室1厅2卫
整租·扣钟北里西区 1室1厅 南,西城,阜成门,扣钟北里西区,33.00㎡,南,1室1厅1卫
独栋·融寓 北苑店 紧邻五号线地铁站 限时特惠 朝南舒适单间 1室1厅,,,,30.00-32.00㎡,,1室1厅1卫
整租·钢铁研究院 1室1厅 南/北,海淀,白石桥,钢铁研究院,38.70㎡,南 北,1室1厅1卫
整租·知春东里 1室1厅 南,海淀,双榆树,知春东里,38.00㎡,南,1室1厅1卫
整租·团结湖北口 1室1厅 南/北,朝阳,团结湖,团结湖北口,36.26㎡,南 北,1室1厅1卫
独栋·魔方公寓 北京紫竹院店 紫竹院整租开间 免费停车 近首师大 北外 月付 省心租 1室1厅,,,,30.00㎡,,1室1厅1卫
整租·动物园宿舍 1室1厅 南,海淀,白石桥,动物园宿舍,39.00㎡,南,1室1厅1卫
独栋·魔方公寓 北京紫竹院店 近紫竹院公园一居室 地铁6号9号线800米距离 月付 省心租 1室1厅,,,,30.00㎡,,1室1厅1卫
整租·姚家井二巷 1室1厅 南,西城,陶然亭,姚家井二巷,39.31㎡,南,1室1厅1卫
独栋·魔方公寓 北京紫竹院店 近军事博物馆 首师大 北京动物园 一居室整租 月付无中介费 1室1厅,,,,30.00㎡,,1室1厅1卫
整租·中关村公馆 1室0厅 北,海淀,苏州桥,中关村公馆,40.00㎡,北,1室0厅1卫
独栋·魔方公寓 北京三元桥店 骑行即可到国贸 全新装修 拎包入住 直营无中介 1室1厅,,,,30.00㎡,,1室1厅1卫
整租·三里河北街5号院 1室1厅 南,西城,月坛,三里河北街5号院,39.00㎡,南,1室1厅1卫
独栋·魔方公寓 北京亮马水晶店 民水民电 近亮马桥酒仙桥 附赠超大阳台视野绝佳 1室1厅,,,,30.00-33.00㎡,,1室1厅1卫
整租·榆垡新城嘉园B区 1室1厅 南,大兴,大兴机场空港,榆垡新城嘉园B区,49.39㎡,南,1室1厅1卫
整租·榆垡新城嘉园D区 1室0厅 南,大兴,大兴机场空港,榆垡新城嘉园D区,54.00㎡,南,1室0厅1卫
整租·空港富苑2号院 1室1厅 南,大兴,大兴机场空港,空港富苑2号院,57.18㎡,南,1室1厅1卫
独栋·乐乎青年社区 次渠北地铁站 次渠北整租开间复式均有0中介无杂费 1室1厅,,,,20.00-40.00㎡,,1室1厅1卫
整租·空港雅苑2号院 1室1厅 南,大兴,大兴机场空港,空港雅苑2号院,57.18㎡,南,1室1厅1卫
独栋·乐乎青年社区 自远-北运河西地铁站店 北运河西地铁站100米-火热招租中 1室1厅,,,,25.00-40.00㎡,,1室1厅1卫
整租·板桥南街7号院 1室1厅 南,顺义,顺义其它,板桥南街7号院,56.62㎡,南,1室1厅1卫
整租·京畿道 1室1厅 西,西城,金融街,京畿道,41.40㎡,西,1室1厅1卫
整租·国瑞城东区 1室1厅 南,东城,崇文门,国瑞城东区,60.00㎡,南,1室1厅1卫
整租·纽约客 1室1厅 LOFT 东南,海淀,苏州桥,纽约客,53.41㎡,东南,1室1厅1卫
整租·西城晶华 1室1厅 东,西城,金融街,西城晶华,54.40㎡,东,1室1厅1卫
整租·万国城MOMA 1室0厅 南,东城,东直门,万国城MOMA,59.11㎡,南,1室0厅1卫
整租·东恒时代二期 1室1厅 西北,朝阳,四惠,东恒时代二期,55.00㎡,西北,1室1厅1卫
独栋·贝壳悠悠酒寓 梵屋中关村店可月租 开盲盒中关村核心地带、四号线沿线、拎包入住，水电全包 1室1厅,,,,60.00㎡,,1室1厅1卫
独栋·贝壳悠悠酒寓 简爱苹果汇店 地铁上盖+精品一居+布草齐全9 1室1厅,,,,58.00㎡,,1室1厅1卫
整租·庄胜二期 1室0厅 北,西城,宣武门,庄胜二期,53.00㎡,北,1室0厅1卫
整租·天鹅湾北区 1室1厅 跃层 东,朝阳,朝青,天鹅湾北区,47.00㎡,东,1室1厅2卫
整租·文华园 1室1厅 东南,西城,阜成门,文华园,54.50㎡,东南,1室1厅1卫
独栋·贝壳悠悠酒寓 简爱苹果汇店 精装一居+拎包入住+地铁上盖9 1室1厅,,,,59.00㎡,,1室1厅1卫
整租·东恒时代二期 1室1厅 西北,朝阳,四惠,东恒时代二期,56.00㎡,西北,1室1厅1卫
整租·华腾园 1室1厅 北,朝阳,双井,华腾园,59.90㎡,北,1室1厅1卫
独栋·贝壳悠悠酒寓 古城地铁店 影音大房+双床入住+布草齐全 1室1厅,,,,40.00㎡,,1室1厅1卫
整租·海淀南路36号 1室1厅 南,海淀,苏州桥,海淀南路36号,57.00㎡,南,1室1厅1卫
独栋·贝壳悠悠酒寓 顺义燕京桥格雅 顺义城区 酒店  一室一厅套房 1室1厅,,,,55.00㎡,,1室1厅1卫
整租·银河湾 1室1厅 南/北,朝阳,酒仙桥,银河湾,58.00㎡,南 北,1室1厅1卫
整租·立方庭 1室1厅 东,海淀,苏州桥,立方庭,46.75㎡,东,1室1厅1卫
整租·阳光100 1室0厅 北,朝阳,CBD,阳光100,48.00㎡,北,1室0厅1卫
整租·珠江罗马嘉园西区 1室1厅 西/北,朝阳,朝青,珠江罗马嘉园西区,59.75㎡,西 北,1室1厅1卫
整租·民康胡同30号院 1室1厅 东,西城,金融街,民康胡同30号院,56.90㎡,东,1室1厅1卫
独栋·贝壳悠悠酒寓 中欧（亮马桥附近） 一室一厅 1室1厅,,,,40.00㎡,,1室1厅1卫
整租·蓝堡国际公寓 1室0厅 西,朝阳,CBD,蓝堡国际公寓,45.00㎡,西,1室0厅1卫
整租·万科金阳 1室1厅 南,朝阳,石佛营,万科金阳,48.70㎡,南,1室1厅2卫
整租·羊肉胡同120号院 1室1厅 南,西城,金融街,羊肉胡同120号院,42.00㎡,南,1室1厅1卫
整租·宏汇园小区 1室1厅 西,西城,金融街,宏汇园小区,52.20㎡,西,1室1厅1卫
整租·核桃园北里 1室1厅 南/北,朝阳,东大桥,核桃园北里,52.45㎡,南 北,1室1厅1卫
整租·阳光100 1室0厅 北,朝阳,CBD,阳光100,54.00㎡,北,1室0厅1卫
整租·华清嘉园 1室1厅 北,海淀,五道口,华清嘉园,58.00㎡,北,1室1厅1卫
整租·朝阳门南小街 1室1厅 南,东城,朝阳门内,朝阳门南小街,55.10㎡,南,1室1厅1卫
整租·知春里 1室1厅 南,海淀,双榆树,知春里,51.90㎡,南,1室1厅1卫
整租·玺源台 1室1厅 南,西城,广安门,玺源台,52.00㎡,南,1室1厅1卫
整租·志强北园 1室1厅 东,海淀,小西天,志强北园,45.50㎡,东,1室1厅1卫
整租·UHN国际村 1室0厅 西北,朝阳,三元桥,UHN国际村,54.00㎡,西北,1室0厅1卫
整租·蜂鸟家园 1室1厅 北,海淀,万柳,蜂鸟家园,51.76㎡,北,1室1厅1卫
整租·新金山公寓 1室0厅 东,朝阳,朝阳门外,新金山公寓,58.00㎡,东,1室0厅1卫
整租·大河庄苑 1室1厅 南,海淀,苏州桥,大河庄苑,46.55㎡,南,1室1厅1卫
整租·钟声胡同 1室1厅 南,西城,西单,钟声胡同,46.90㎡,南,1室1厅1卫
整租·教委计生委大院 1室1厅 南,海淀,中关村,教委计生委大院,45.00㎡,南,1室1厅1卫
整租·文慧园15号16公寓 1室1厅 西,海淀,小西天,文慧园15号16公寓,59.98㎡,西,1室1厅1卫
整租·悠乐汇 1室1厅 西南,朝阳,望京,悠乐汇,55.45㎡,西南,1室1厅1卫
整租·保利海德公园 2房间 北,海淀,知春路,保利海德公园,44.99㎡,北,2房间1卫
整租·金星园 1室1厅 东,朝阳,三元桥,金星园,44.09㎡,东,1室1厅1卫
整租·丰侨公寓 1室1厅 西,西城,金融街,丰侨公寓,58.00㎡,西,1室1厅1卫
整租·北广家园 1室1厅 南,西城,六铺炕,北广家园,58.00㎡,南,1室1厅1卫
整租·葱店胡同2号院 1室1厅 南,西城,官园,葱店胡同2号院,50.10㎡,南,1室1厅1卫
整租·UHN国际村 1室1厅 西北,朝阳,三元桥,UHN国际村,52.34㎡,西北,1室1厅1卫
整租·京畿道 1室0厅 西,西城,金融街,京畿道,41.40㎡,西,1室0厅1卫
整租·远洋新干线 1室1厅 北,朝阳,燕莎,远洋新干线,56.84㎡,北,1室1厅1卫
整租·东后河沿 1室1厅 南,东城,崇文门,东后河沿,58.00㎡,南,1室1厅1卫
整租·丰侨公寓 1室1厅 西,西城,金融街,丰侨公寓,57.36㎡,西,1室1厅1卫
整租·京畿道 1室1厅 南,西城,金融街,京畿道,44.00㎡,南,1室1厅1卫
整租·东直门内大街 1室1厅 东,东城,东直门,东直门内大街,59.00㎡,东,1室1厅1卫
整租·地杰长安驿 1室0厅 南,朝阳,建国门外,地杰长安驿,45.47㎡,南,1室0厅1卫
整租·华严北里小区 1室1厅 西,朝阳,健翔桥,华严北里小区,47.43㎡,西,1室1厅1卫
整租·东恒时代二期 1室1厅 西北,朝阳,四惠,东恒时代二期,55.00㎡,西北,1室1厅1卫
整租·龙湖唐宁one 1室1厅 北,海淀,五道口,龙湖唐宁one,47.04㎡,北,1室1厅1卫
整租·铁二区 1室1厅 南,西城,月坛,铁二区,42.00㎡,南,1室1厅1卫
整租·海淀南路 1室1厅 南,海淀,苏州桥,海淀南路,40.30㎡,南,1室1厅1卫
整租·佟麟阁路62号院 1室1厅 东南,西城,金融街,佟麟阁路62号院,43.90㎡,东南,1室1厅1卫
整租·建设部大院 1室1厅 南,海淀,甘家口,建设部大院,57.00㎡,南,1室1厅1卫
整租·地杰长安驿 1室0厅 北,朝阳,建国门外,地杰长安驿,45.47㎡,北,1室0厅1卫
整租·保利海德公园 3房间 北,海淀,知春路,保利海德公园,45.00㎡,北,3房间2卫
整租·三里河二区A区 1室1厅 南,西城,月坛,三里河二区A区,53.30㎡,南,1室1厅1卫
整租·和平新城一期 1室0厅 北,东城,和平里,和平新城一期,55.81㎡,北,1室0厅1卫
整租·铁二区 1室1厅 南/北,西城,月坛,铁二区,43.80㎡,南 北,1室1厅1卫
整租·丰汇园小区 1室1厅 东,西城,金融街,丰汇园小区,50.00㎡,东,1室1厅1卫
整租·三里河二区A区 1室1厅 南,西城,月坛,三里河二区A区,53.30㎡,南,1室1厅1卫
整租·丰汇园小区 1室1厅 南,西城,金融街,丰汇园小区,48.30㎡,南,1室1厅1卫
整租·和平新城一期 1室0厅 北,东城,和平里,和平新城一期,55.81㎡,北,1室0厅1卫
整租·豆瓣胡同 1室1厅 南,东城,朝阳门内,豆瓣胡同,48.00㎡,南,1室1厅1卫
整租·世界城 1房间 南,朝阳,东大桥,世界城,57.40㎡,南,1房间1卫
整租·温馨家园 1室1厅 东南,西城,木樨地,温馨家园,58.00㎡,东南,1室1厅1卫
整租·天鹅湾北区 1室2厅 南,朝阳,朝青,天鹅湾北区,50.87㎡,南,1室2厅2卫
整租·公园五号 1室0厅 东,朝阳,甜水园,公园五号,58.51㎡,东,1室0厅1卫
整租·民康胡同30号院 1室1厅 西,西城,金融街,民康胡同30号院,48.80㎡,西,1室1厅1卫
整租·东大桥路 1室1厅 南,朝阳,朝阳门外,东大桥路,45.24㎡,南,1室1厅1卫
整租·龙湖唐宁one 1房间 北,海淀,五道口,龙湖唐宁one,47.00㎡,北,1房间1卫
整租·百万庄中里 1室1厅 东,西城,阜成门,百万庄中里,41.00㎡,东,1室1厅1卫
整租·三里河二区A区 1室1厅 南,西城,月坛,三里河二区A区,53.30㎡,南,1室1厅1卫
整租·首开铂郡8号院 1室1厅 东,朝阳,三里屯,首开铂郡8号院,57.00㎡,东,1室1厅1卫
整租·南礼士路46号院 1室1厅 西,西城,月坛,南礼士路46号院,57.72㎡,西,1室1厅1卫
整租·金茂府南区 1房间 东,朝阳,大望路,金茂府南区,57.00㎡,东,1房间1卫
整租·龙湖唐宁one 1房间 南,海淀,五道口,龙湖唐宁one,51.00㎡,南,1房间1卫
整租·阳光100 1室1厅 北,朝阳,CBD,阳光100,49.00㎡,北,1室1厅1卫
整租·北广家园 1室1厅 南,西城,六铺炕,北广家园,56.77㎡,南,1室1厅1卫
整租·龙湖唐宁one 1房间 北,海淀,五道口,龙湖唐宁one,51.00㎡,北,1房间1卫
整租·永利国际 2房间 北,朝阳,工体,永利国际,57.24㎡,北,2房间2卫
整租·华彩国际公寓 1室1厅 南,朝阳,望京,华彩国际公寓,52.81㎡,南,1室1厅1卫
整租·远洋新干线 1室1厅 北,朝阳,燕莎,远洋新干线,50.00㎡,北,1室1厅1卫
整租·龙湖唐宁one 1室1厅 北,海淀,五道口,龙湖唐宁one,47.04㎡,北,1室1厅1卫
整租·国瑞城中区 1室1厅 东,东城,崇文门,国瑞城中区,56.00㎡,东,1室1厅1卫
整租·大河庄苑 1室1厅 西,海淀,苏州桥,大河庄苑,56.89㎡,西,1室1厅1卫
整租·京畿道 1室1厅 西,西城,金融街,京畿道,41.40㎡,西,1室1厅1卫
整租·龙湖唐宁one 1室1厅 南,海淀,五道口,龙湖唐宁one,51.00㎡,南,1室1厅1卫
整租·丰汇园小区 1室1厅 西,西城,金融街,丰汇园小区,54.20㎡,西,1室1厅1卫
整租·双榆树东里 1室1厅 南,海淀,双榆树,双榆树东里,44.20㎡,南,1室1厅1卫
整租·天鹅湾北区 1室1厅 西,朝阳,朝青,天鹅湾北区,46.88㎡,西,1室1厅2卫
整租·石韵浩庭 1室1厅 东,朝阳,大望路,石韵浩庭,58.77㎡,东,1室1厅1卫
整租·豆瓣胡同 1室1厅 南,东城,朝阳门内,豆瓣胡同,48.00㎡,南,1室1厅1卫
整租·牛街西里 1室1厅 东,西城,牛街,牛街西里,57.67㎡,东,1室1厅1卫
整租·天鹅湾北区 1室2厅 南,朝阳,朝青,天鹅湾北区,50.87㎡,南,1室2厅2卫
整租·龙湖唐宁one 1室1厅 南,海淀,五道口,龙湖唐宁one,51.76㎡,南,1室1厅1卫
整租·红杉国际公寓 1室0厅 东/北,海淀,五道口,红杉国际公寓,50.39㎡,东 北,1室0厅1卫
整租·公园五号 1室0厅 东,朝阳,甜水园,公园五号,58.51㎡,东,1室0厅1卫
整租·民康胡同30号院 1室1厅 西,西城,金融街,民康胡同30号院,48.80㎡,西,1室1厅1卫
整租·地杰长安驿 1室1厅 北,朝阳,建国门外,地杰长安驿,45.47㎡,北,1室1厅1卫
整租·中国铁建广场 1房间 北,朝阳,北苑,中国铁建广场,56.40㎡,北,1房间0卫
整租·龙湖唐宁one 1房间 北,海淀,五道口,龙湖唐宁one,50.00㎡,北,1房间1卫
整租·阳光100 1室1厅 北,朝阳,CBD,阳光100,54.00㎡,北,1室1厅1卫
整租·海格国际 1室1厅 东,西城,宣武门,海格国际,55.78㎡,东,1室1厅1卫
整租·阳光100 1室1厅 北,朝阳,CBD,阳光100,54.02㎡,北,1室1厅1卫
整租·红联南村46号院 1室1厅 南,海淀,小西天,红联南村46号院,45.30㎡,南,1室1厅1卫
整租·劲松三区 1室1厅 南/北,朝阳,劲松,劲松三区,53.05㎡,南 北,1室1厅1卫
整租·炫特嘉园一期 1室1厅 西,朝阳,石佛营,炫特嘉园一期,59.90㎡,西,1室1厅1卫
整租·世界城 2房间 北,朝阳,东大桥,世界城,57.00㎡,北,2房间1卫
整租·首开幸福广场 1室0厅 南,朝阳,工体,首开幸福广场,50.84㎡,南,1室0厅1卫
整租·新华联国际 2房间 南,海淀,公主坟,新华联国际,46.47㎡,南,2房间1卫
整租·丰侨公寓 1室1厅 东北,西城,金融街,丰侨公寓,57.08㎡,东北,1室1厅1卫
整租·国瑞城西区 1室0厅 东,东城,崇文门,国瑞城西区,59.30㎡,东,1室0厅1卫
整租·荣上居 1室1厅 东,海淀,中关村,荣上居,56.64㎡,东,1室1厅1卫
整租·瞰都国际 1室1厅 西北,朝阳,朝阳公园,瞰都国际,56.03㎡,西北,1室1厅1卫
独栋·魔尔公寓 北京国贸店 国贸区核心区域性价比之王的高端品牌公寓  拎包入住快乐租房 1室1厅,,,,50.00㎡,,1室1厅1卫
整租·禾风相府 1室1厅 西,东城,金宝街,禾风相府,57.00㎡,西,1室1厅1卫
独栋·魔尔公寓 北京国贸店 近国贸CBD 高端服务式公寓旅居出差优选 直营无中介 1室1厅,,,,40.00㎡,,1室1厅1卫
整租·北京城建·天坛府 1室1厅 东,东城,永定门,北京城建·天坛府,60.00㎡,东,1室1厅1卫
独栋·魔尔公寓 北京国贸店 国贸0距离的港湾 配套超大健身瑜伽房  长租优惠 快乐租房 1室1厅,,,,40.00㎡,,1室1厅1卫
整租·华远北街 1室1厅 西,西城,金融街,华远北街,54.00㎡,西,1室1厅1卫
独栋·魔尔公寓 北京国贸店 东三环近国贸独立停车位 入室保洁 高层视野绝佳 1室1厅,,,,50.00㎡,,1室1厅1卫
整租·西城晶华 1室1厅 东,西城,金融街,西城晶华,54.40㎡,东,1室1厅1卫
独栋·魔尔公寓 北京国贸店 国贸正中心 南向投影房！大飘窗采光绝佳  年租特惠 1室1厅,,,,40.00㎡,,1室1厅1卫
整租·远中悦莱 1室1厅 东,海淀,苏州桥,远中悦莱,60.00㎡,东,1室1厅1卫
独栋·魔尔公寓 北京国贸店 国贸正中心 一居室整租 超大窗采光俯瞰CBD 月付无中介费 1室1厅,,,,50.00㎡,,1室1厅1卫
整租·国瑞城东区 1室1厅 南,东城,崇文门,国瑞城东区,60.00㎡,南,1室1厅1卫
整租·华清嘉园 1室1厅 北,海淀,五道口,华清嘉园,58.00㎡,北,1室1厅1卫
整租·阳光100 1室0厅 北,朝阳,CBD,阳光100,48.00㎡,北,1室0厅1卫
独栋·魔尔公寓 北京国贸店 国贸高端整租公寓 赠送大阳台俯瞰大裤衩 免费健身房瑜伽室 1室1厅,,,,45.00㎡,,1室1厅1卫
整租·橡树湾二期 1室1厅 南/北,海淀,清河,橡树湾二期,59.58㎡,南 北,1室1厅1卫
整租·银河湾 1室1厅 南,朝阳,酒仙桥,银河湾,59.00㎡,南,1室1厅1卫
整租·新景家园东区 1室1厅 南,东城,崇文门,新景家园东区,59.28㎡,南,1室1厅1卫
整租·世界城 1房间 北,朝阳,东大桥,世界城,55.52㎡,北,1房间1卫
整租·庄胜二期 1室1厅 北,西城,宣武门,庄胜二期,52.00㎡,北,1室1厅1卫
整租·世界城 1房间 南,朝阳,东大桥,世界城,57.36㎡,南,1房间1卫
整租·丽舍公寓 1室1厅 西,朝阳,建国门外,丽舍公寓,55.79㎡,西,1室1厅2卫
整租·世界城 1房间 南,朝阳,东大桥,世界城,57.40㎡,南,1房间1卫
整租·东湖湾三期 1室0厅 南,朝阳,望京,东湖湾三期,47.24㎡,南,1室0厅1卫
整租·世界城 1房间 南,朝阳,东大桥,世界城,57.40㎡,南,1房间1卫
整租·万国城MOMA 1室0厅 南,东城,东直门,万国城MOMA,59.11㎡,南,1室0厅1卫
整租·世界城 1房间 北,朝阳,东大桥,世界城,56.56㎡,北,1房间1卫
整租·龙湖唐宁one 1房间 北,海淀,五道口,龙湖唐宁one,47.00㎡,北,1房间1卫
整租·首开幸福广场 1室0厅 南,朝阳,工体,首开幸福广场,50.84㎡,南,1室0厅1卫
整租·宝产胡同15号院 1室1厅 东北,西城,西四,宝产胡同15号院,43.20㎡,东北,1室1厅1卫
整租·丰侨公寓 1室1厅 西,西城,金融街,丰侨公寓,57.65㎡,西,1室1厅1卫
整租·建国门北大街5号 1室1厅 西,东城,建国门内,建国门北大街5号,57.61㎡,西,1室1厅1卫
整租·工商大学 1室1厅 南,海淀,甘家口,工商大学,48.33㎡,南,1室1厅1卫
整租·UHN国际村 1室0厅 南,朝阳,三元桥,UHN国际村,59.00㎡,南,1室0厅1卫
整租·世界城 1房间 南,朝阳,东大桥,世界城,58.00㎡,南,1房间1卫
整租·世界城 1房间 南,朝阳,东大桥,世界城,57.40㎡,南,1房间1卫
整租·温馨家园 1室1厅 东南,西城,木樨地,温馨家园,58.00㎡,东南,1室1厅1卫
整租·红杉国际公寓 1室0厅 东/北,海淀,五道口,红杉国际公寓,50.39㎡,东 北,1室0厅1卫
整租·丽都壹号 1室1厅 东,朝阳,酒仙桥,丽都壹号,42.00㎡,东,1室1厅2卫
整租·民康胡同30号院 1室1厅 西,西城,金融街,民康胡同30号院,48.80㎡,西,1室1厅1卫
整租·龙湖唐宁one 1房间 北,海淀,五道口,龙湖唐宁one,50.00㎡,北,1房间1卫
整租·东大桥路 1室1厅 南,朝阳,朝阳门外,东大桥路,45.24㎡,南,1室1厅1卫
整租·丰汇园小区 1室1厅 西,西城,金融街,丰汇园小区,54.00㎡,西,1室1厅1卫
整租·光熙家园二期 1室1厅 西,朝阳,西坝河,光熙家园二期,55.00㎡,西,1室1厅1卫
整租·UHN国际村 1室0厅 南,朝阳,三元桥,UHN国际村,53.85㎡,南,1室0厅1卫
整租·鑫融皓月 1室1厅 东/西,丰台,卢沟桥,鑫融皓月,56.73㎡,东 西,1室1厅1卫
整租·车辇店胡同 1室1厅 南,东城,安定门,车辇店胡同,55.00㎡,南,1室1厅1卫
整租·鲁能钓鱼台美高梅公馆 2房间 南,丰台,刘家窑,鲁能钓鱼台美高梅公馆,46.00㎡,南,2房间1卫
整租·海淀南路 1室1厅 南,海淀,苏州桥,海淀南路,46.10㎡,南,1室1厅1卫
整租·百万庄中里 1室1厅 东,西城,阜成门,百万庄中里,41.00㎡,东,1室1厅1卫
整租·三里河二区A区 1室1厅 南,西城,月坛,三里河二区A区,53.30㎡,南,1室1厅1卫
整租·富力城A区 1室0厅 北,朝阳,双井,富力城A区,59.70㎡,北,1室0厅1卫
整租·横街 1室1厅 南,东城,东四,横街,50.00㎡,南,1室1厅1卫
整租·和平新城一期 1室0厅 北,东城,和平里,和平新城一期,55.81㎡,北,1室0厅1卫
整租·东恒时代二期 1室1厅 东北,朝阳,四惠,东恒时代二期,58.47㎡,东北,1室1厅1卫
整租·彩电小区 1室1厅 东南,海淀,军博,彩电小区,50.50㎡,东南,1室1厅1卫
整租·太平桥大街6号 1室1厅 东/西,西城,金融街,太平桥大街6号,44.50㎡,东 西,1室1厅1卫
整租·潭柘新区3号院 1室1厅 南/北,门头沟,门头沟其它,潭柘新区3号院,60.00㎡,南 北,1室1厅1卫
独栋·乐乎青年社区 良乡时代广场店 温馨大复式 1室1厅,,,,25.00-65.00㎡,,1室1厅1卫
整租·京南嘉园 1室1厅 南/北,房山,窦店,京南嘉园,67.79㎡,南 北,1室1厅1卫
整租·东鱼市口胡同 1室1厅 南,密云,鼓楼街道,东鱼市口胡同,63.99㎡,南,1室1厅1卫
整租·育新花园西里 1室1厅 南/西/北,大兴,大兴新机场洋房别墅区,育新花园西里,64.19㎡,南 西 北,1室1厅1卫
整租·首创悦树湾 1室1厅 南,顺义,顺义其它,首创悦树湾,65.55㎡,南,1室1厅1卫
整租·城建万科城 1室1厅 南,延庆,延庆其它,城建万科城,68.00㎡,南,1室1厅1卫
整租·大方居 1室1厅 东南,通州,九棵树(家乐福),大方居,64.44㎡,东南,1室1厅1卫
整租·房山超级蜂巢 1室1厅 西北,房山,良乡,房山超级蜂巢,61.03㎡,西北,1室1厅1卫
整租·旧宫新苑南区 1室1厅 西南/北,大兴,旧宫,旧宫新苑南区,68.00㎡,西南 北,1室1厅1卫
整租·泰禾中央广场 2房间 南,大兴,黄村火车站,泰禾中央广场,68.00㎡,南,2房间1卫
整租·莲水怡园 1室0厅 南,通州,马驹桥,莲水怡园,60.00㎡,南,1室0厅1卫
独栋·恒寓星光店 新房开业85折 开发商直租一居 1室1厅,,,,65.00㎡,,1室1厅1卫
整租·南海雅苑南区 1室1厅 东,亦庄开发区,亦庄开发区其它,南海雅苑南区,61.74㎡,东,1室1厅1卫
独栋·恒寓星光店 星光二店 复式小两居 1室1厅,,,,75.00㎡,,1室1厅1卫
整租·南海家园四里 1室1厅 南/北,大兴,亦庄开发区其它,南海家园四里,67.00㎡,南 北,1室1厅1卫
独栋·恒寓星光店 星光二店 可开发票0中介 1室1厅,,,,63.00㎡,,1室1厅1卫
整租·馨港庄园三区 1室1厅 南,顺义,李桥,馨港庄园三区,66.13㎡,南,1室1厅1卫
独栋·恒寓星光店 星光二店 LOFT一居室 1室1厅,,,,66.00㎡,,1室1厅1卫
整租·瀛海家园逸园A区 1室1厅 南/北,大兴,瀛海,瀛海家园逸园A区,60.00㎡,南 北,1室1厅1卫
独栋·恒寓星光店 星光二店 国企直租一居室 1室1厅,,,,65.00㎡,,1室1厅1卫
整租·运河湾南区 1室1厅 南/北,通州,武夷花园,运河湾南区,67.00㎡,南 北,1室1厅1卫
整租·博客园 1室1厅 南/北,通州,乔庄,博客园,69.00㎡,南 北,1室1厅1卫
整租·庑殿家苑A区 1室1厅 南,大兴,旧宫,庑殿家苑A区,60.00㎡,南,1室1厅1卫
独栋·恒寓星光店 新房开业85折 物业直租可月付 1室1厅,,,,60.00-65.00㎡,,1室1厅1卫
整租·兴盛街187号院 1室1厅 南,大兴,枣园,兴盛街187号院,64.20㎡,南,1室1厅1卫
整租·金域缇香 1室1厅 南,房山,长阳,金域缇香,66.31㎡,南,1室1厅1卫
整租·新月家园 1室1厅 南/北,丰台,卢沟桥,新月家园,69.56㎡,南 北,1室1厅1卫
整租·万科天地 1室1厅 复式 南,大兴,义和庄,万科天地,61.63㎡,南,1室1厅1卫
整租·保利茉莉公馆 1室1厅 南,大兴,高米店,保利茉莉公馆,70.00㎡,南,1室1厅1卫
整租·东兴二区 1室1厅 北,顺义,顺义城,东兴二区,70.00㎡,北,1室1厅1卫
整租·保利罗谷小区 1室1厅 南,昌平,昌平其它,保利罗谷小区,61.82㎡,南,1室1厅1卫
整租·石园东苑 1室1厅 南,顺义,顺义城,石园东苑,68.00㎡,南,1室1厅1卫
整租·德宏景苑东区 1室1厅 南,大兴,瀛海,德宏景苑东区,60.00㎡,南,1室1厅1卫
整租·泰禾中央广场 2房间 复式 东,大兴,黄村火车站,泰禾中央广场,61.63㎡,东,2房间1卫
整租·枣园尚城北区 1室1厅 南,大兴,枣园,枣园尚城北区,62.80㎡,南,1室1厅1卫
整租·泰禾中央广场 2房间 LOFT 南,大兴,黄村火车站,泰禾中央广场,73.71㎡,南,2房间1卫
整租·新马家园 1室1厅 南,顺义,马坡,新马家园,65.00㎡,南,1室1厅1卫
整租·融科香雪兰溪 1室1厅 南,通州,马驹桥,融科香雪兰溪,71.00㎡,南,1室1厅1卫
整租·八角北路11号院 1室1厅 南,石景山,杨庄,八角北路11号院,62.00㎡,南,1室1厅1卫
整租·北京城建·广悦居 1室1厅 南,房山,长阳,北京城建·广悦居,65.00㎡,南,1室1厅1卫
整租·双兴东区 1室1厅 南/北,顺义,顺义城,双兴东区,67.00㎡,南 北,1室1厅1卫
整租·康泽佳苑北区 1室1厅 南,房山,长阳,康泽佳苑北区,62.00㎡,南,1室1厅1卫
整租·西上园四区 1室1厅 跃层 南/北,通州,武夷花园,西上园四区,68.00㎡,南 北,1室1厅1卫
整租·长城国际 1室0厅 西,通州,通州北苑,长城国际,63.00㎡,西,1室0厅1卫
整租·新翠景园 1室1厅 南,通州,九棵树(家乐福),新翠景园,63.67㎡,南,1室1厅1卫
整租·DBC加州小镇 1室1厅 南/北,通州,临河里,DBC加州小镇,65.00㎡,南 北,1室1厅1卫
整租·小康东里 1室1厅 南/北,大兴,亦庄,小康东里,60.00㎡,南 北,1室1厅1卫
整租·映翠居 1室1厅 南/北,通州,梨园,映翠居,64.26㎡,南 北,1室1厅1卫
整租·西宏苑 1室1厅 南,丰台,西红门,西宏苑,67.00㎡,南,1室1厅1卫
整租·红星楼 1室1厅 南/北,大兴,旧宫,红星楼,70.00㎡,南 北,1室1厅1卫
整租·德茂佳苑 1室1厅 南/北,大兴,瀛海,德茂佳苑,67.80㎡,南 北,1室1厅1卫
整租·白露雅园东区 1室1厅 南,顺义,后沙峪,白露雅园东区,63.39㎡,南,1室1厅1卫
整租·泰河园一里一区 1室1厅 南,亦庄开发区,亦庄开发区其它,泰河园一里一区,70.00㎡,南,1室1厅1卫
整租·幸福西区 1室1厅 南/北,顺义,顺义城,幸福西区,70.00㎡,南 北,1室1厅1卫
整租·长城国际 1室1厅 西,通州,通州北苑,长城国际,62.00㎡,西,1室1厅1卫
整租·合生世界花园 1房间 南,通州,马驹桥,合生世界花园,60.21㎡,南,1房间1卫
整租·石园东苑 1室1厅 南/北,顺义,顺义城,石园东苑,68.00㎡,南 北,1室1厅1卫
整租·红杉一品 1室1厅 南,顺义,顺义城,红杉一品,69.98㎡,南,1室1厅1卫
整租·运河园 1室1厅 南/北,通州,武夷花园,运河园,71.48㎡,南 北,1室1厅1卫
整租·西辛南区 1室1厅 南/北,顺义,顺义城,西辛南区,65.00㎡,南 北,1室1厅1卫
整租·首开康乃馨城 1室1厅 南,大兴,枣园,首开康乃馨城,62.00㎡,南,1室1厅1卫
整租·兴丰家园 1室1厅 西北,大兴,黄村中,兴丰家园,65.43㎡,西北,1室1厅1卫
整租·长城国际 1室0厅 东,通州,通州北苑,长城国际,64.00㎡,东,1室0厅1卫
整租·时尚街区西区 1室1厅 南,通州,梨园,时尚街区西区,60.17㎡,南,1室1厅1卫
整租·莲水怡园 1室1厅 南,通州,马驹桥,莲水怡园,75.73㎡,南,1室1厅1卫
整租·上林苑 1室1厅 南/北,大兴,瀛海,上林苑,70.00㎡,南 北,1室1厅1卫
整租·博客园 1室1厅 西北,通州,乔庄,博客园,77.00㎡,西北,1室1厅1卫
整租·炫立方 1室1厅 北,顺义,顺义其它,炫立方,61.17㎡,北,1室1厅1卫
整租·枣园尚城南区 1室1厅 南,大兴,枣园,枣园尚城南区,62.00㎡,南,1室1厅1卫
整租·幸福艺居 1室1厅 北,通州,玉桥,幸福艺居,68.00㎡,北,1室1厅1卫
整租·中晟馨苑2号院 1室1厅 南,顺义,马坡,中晟馨苑2号院,69.00㎡,南,1室1厅1卫
整租·房山超级蜂巢 1室1厅 西北,房山,良乡,房山超级蜂巢,61.03㎡,西北,1室1厅1卫
整租·DBC加州小镇C区 1室1厅 南/北,通州,临河里,DBC加州小镇C区,65.00㎡,南 北,1室1厅1卫
整租·东兴二区 1室1厅 北,顺义,顺义城,东兴二区,70.00㎡,北,1室1厅1卫
整租·当代名筑 1室1厅 南/北,通州,梨园,当代名筑,78.00㎡,南 北,1室1厅1卫
整租·石园东苑 1室1厅 南,顺义,顺义城,石园东苑,68.00㎡,南,1室1厅1卫
整租·东亚瑞晶苑 1室1厅 南,通州,马驹桥,东亚瑞晶苑,78.00㎡,南,1室1厅1卫
整租·金隅自由筑 1室1厅 南,通州,临河里,金隅自由筑,74.00㎡,南,1室1厅1卫
整租·裕龙三区 1室1厅 南,顺义,顺义城,裕龙三区,66.00㎡,南,1室1厅1卫
整租·西潞苑小区 1室1厅 北,通州,北关,西潞苑小区,61.00㎡,北,1室1厅1卫
整租·龙水路22号院 1室1厅 南/北,昌平,东关,龙水路22号院,60.14㎡,南 北,1室1厅1卫
整租·华业东方玫瑰C区 1室1厅 南,通州,临河里,华业东方玫瑰C区,62.00㎡,南,1室1厅1卫
整租·京城雅苑 1室1厅 南,丰台,卢沟桥,京城雅苑,70.57㎡,南,1室1厅1卫
整租·天恒乐活城 1室1厅 西,房山,阎村,天恒乐活城,70.57㎡,西,1室1厅1卫
整租·南海家园二里 1室1厅 南/北,大兴,亦庄开发区其它,南海家园二里,66.00㎡,南 北,1室1厅1卫
整租·宏盛家园文物局 1室1厅 南/北,大兴,西红门,宏盛家园文物局,70.00㎡,南 北,1室1厅1卫
整租·月季园 1室1厅 南,通州,武夷花园,月季园,67.60㎡,南,1室1厅1卫
整租·建新南区 1室1厅 西,顺义,顺义城,建新南区,63.12㎡,西,1室1厅1卫
整租·南海家园二里 1室1厅 南/北,大兴,亦庄开发区其它,南海家园二里,65.62㎡,南 北,1室1厅1卫
整租·石园北区 1室1厅 北,顺义,顺义城,石园北区,71.73㎡,北,1室1厅1卫
整租·海棠湾一期 1室1厅 西北,通州,临河里,海棠湾一期,62.73㎡,西北,1室1厅1卫
整租·石园西区 1室1厅 北,顺义,顺义城,石园西区,60.00㎡,北,1室1厅1卫
整租·龙山华府 1室1厅 南,昌平,南邵,龙山华府,68.57㎡,南,1室1厅1卫
整租·石园东区 1室1厅 北,顺义,顺义城,石园东区,69.11㎡,北,1室1厅1卫
整租·晓月苑五里 1室1厅 东/西,丰台,卢沟桥,晓月苑五里,62.00㎡,东 西,1室1厅1卫
整租·西潞苑小区 1室1厅 南,通州,北关,西潞苑小区,60.80㎡,南,1室1厅1卫
整租·天裕昕园东区 1室1厅 南/北,顺义,中央别墅区,天裕昕园东区,60.00㎡,南 北,1室1厅1卫
整租·天恒乐活城 1室1厅 东北,房山,阎村,天恒乐活城,61.59㎡,东北,1室1厅1卫
整租·晓月苑五里 1室1厅 东/西,丰台,卢沟桥,晓月苑五里,62.00㎡,东 西,1室1厅1卫
整租·金隅自由筑 1室1厅 西,通州,临河里,金隅自由筑,68.61㎡,西,1室1厅1卫
整租·北亚花园 1室1厅 南/西北,昌平,北七家,北亚花园,63.87㎡,南 西北,1室1厅1卫
整租·仓上小区 1室1厅 北,顺义,顺义城,仓上小区,64.86㎡,北,1室1厅1卫
整租·名佳花园三区 1室1厅 南/北,昌平,北七家,名佳花园三区,73.00㎡,南 北,1室1厅1卫
整租·北京像素北区 1房间 南,朝阳,常营,北京像素北区,60.70㎡,南,1房间1卫
整租·前沙涧路7号院 1室1厅 南,海淀,海淀其它,前沙涧路7号院,61.00㎡,南,1室1厅1卫
独栋·美遇社区 欢乐谷店 精装一室一厅，毕业季特惠，应届生首月免租 1室1厅,,,,34.00-60.00㎡,,1室1厅1卫
整租·旧宫新苑南区 1室1厅 南/北,大兴,旧宫,旧宫新苑南区,62.00㎡,南 北,1室1厅1卫
整租·次渠嘉园 1室1厅 南,通州,通州其它,次渠嘉园,60.00㎡,南,1室1厅1卫
整租·华业东方玫瑰A区 1室1厅 南/西,通州,临河里,华业东方玫瑰A区,63.06㎡,南 西,1室1厅1卫
整租·远洋新天地 2房间 LOFT 西,门头沟,上岸地铁,远洋新天地,60.32㎡,西,2房间1卫
整租·清岚花园回民营一区 1室1厅 南,顺义,后沙峪,清岚花园回民营一区,74.00㎡,南,1室1厅1卫
整租·东营前街 1室1厅 南/北,通州,万达,东营前街,67.29㎡,南 北,1室1厅1卫
整租·DBC加州小镇 1室1厅 南/北,通州,临河里,DBC加州小镇,65.00㎡,南 北,1室1厅1卫
整租·东惠家园1期 1室1厅 南,通州,通州其它,东惠家园1期,60.00㎡,南,1室1厅1卫
整租·物资学院家属院 1室1厅 北,通州,北关,物资学院家属院,60.00㎡,北,1室1厅1卫
整租·金域缇香 1室1厅 南,房山,长阳,金域缇香,64.00㎡,南,1室1厅1卫
整租·邑上公馆 1室1厅 南,房山,长阳,邑上公馆,62.38㎡,南,1室1厅1卫
整租·次渠嘉园 1室1厅 南,通州,通州其它,次渠嘉园,60.00㎡,南,1室1厅1卫
整租·瑞都公园世家南区 1室1厅 南,通州,临河里,瑞都公园世家南区,65.00㎡,南,1室1厅1卫
整租·次渠锦园 1室1厅 南,亦庄开发区,通州其它,次渠锦园,60.00㎡,南,1室1厅1卫
整租·金汉绿港五区 1室1厅 东/北,顺义,顺义城,金汉绿港五区,64.00㎡,东 北,1室1厅1卫
整租·东惠家园 1室1厅 南,通州,通州其它,东惠家园,60.00㎡,南,1室1厅1卫
整租·首开康乃馨城 1室1厅 南/北,大兴,枣园,首开康乃馨城,75.00㎡,南 北,1室1厅1卫
整租·玉江佳园 1室1厅 东/南/西/北,亦庄开发区,通州其它,玉江佳园,65.00㎡,东 南 西 北,1室1厅1卫
整租·DBC加州小镇 1室1厅 南/北,通州,临河里,DBC加州小镇,66.00㎡,南 北,1室1厅1卫
整租·次渠嘉园 1室1厅 南,通州,通州其它,次渠嘉园,60.00㎡,南,1室1厅1卫
整租·DBC加州小镇 1室1厅 南/北,通州,临河里,DBC加州小镇,66.00㎡,南 北,1室1厅1卫
整租·远洋新天地 2房间 LOFT 东北,门头沟,上岸地铁,远洋新天地,61.59㎡,东北,2房间1卫
整租·润枫锦尚 1室1厅 南,大兴,旧宫,润枫锦尚,76.04㎡,南,1室1厅1卫
整租·次渠北里一区 1室1厅 南,通州,通州其它,次渠北里一区,65.00㎡,南,1室1厅1卫
整租·南海家园四里 1室1厅 南/北,大兴,亦庄开发区其它,南海家园四里,63.39㎡,南 北,1室1厅1卫
整租·次渠嘉园 1室1厅 东/南/西/北,通州,通州其它,次渠嘉园,60.00㎡,东 南 西 北,1室1厅1卫
整租·澜西园四区 1室1厅 南/北,顺义,顺义城,澜西园四区,70.00㎡,南 北,1室1厅1卫
整租·次渠嘉园 1室1厅 东/南/西/北,通州,通州其它,次渠嘉园,60.00㎡,东 南 西 北,1室1厅1卫
整租·京贸国际城 1室1厅 南,通州,武夷花园,京贸国际城,68.00㎡,南,1室1厅1卫
整租·次渠嘉园 1室1厅 东/南/西/北,通州,通州其它,次渠嘉园,60.00㎡,东 南 西 北,1室1厅1卫
整租·南海雅苑北区 1室1厅 东,亦庄开发区,亦庄开发区其它,南海雅苑北区,60.83㎡,东,1室1厅1卫
独栋·乐乎青年社区 良乡大学城店 loft一居室 1室1厅,,,,35.00-70.00㎡,,1室1厅1卫
整租·北郡嘉源 1室1厅 南,昌平,南邵,北郡嘉源,61.12㎡,南,1室1厅1卫
独栋·乐乎青年社区 来广营地铁站 一室一厅 1室1厅,,,,30.00-60.00㎡,,1室1厅1卫
整租·康盛园 1室1厅 南,大兴,高米店,康盛园,67.94㎡,南,1室1厅1卫
整租·前进花园石门苑 1室1厅 南/北,顺义,顺义城,前进花园石门苑,70.00㎡,南 北,1室1厅1卫
整租·名佳花园三区 1室1厅 南/北,昌平,北七家,名佳花园三区,65.00㎡,南 北,1室1厅1卫
独栋·乐乎青年社区 良乡时代广场店 温馨大复式 1室1厅,,,,25.00-65.00㎡,,1室1厅1卫
整租·清澄名苑北区 1室1厅 东,大兴,黄村中,清澄名苑北区,62.80㎡,东,1室1厅1卫
整租·丽园C区 1室1厅 南,大兴,枣园,丽园C区,62.00㎡,南,1室1厅1卫
整租·上庄馨瑞嘉园 1室1厅 南,海淀,海淀北部新区,上庄馨瑞嘉园,67.87㎡,南,1室1厅1卫
整租·永华北里 1室1厅 西南,大兴,黄村中,永华北里,60.00㎡,西南,1室1厅1卫
整租·观林阁 1室1厅 南,顺义,后沙峪,观林阁,60.00㎡,南,1室1厅1卫
整租·郁花园一里 1室1厅 西北,大兴,高米店,郁花园一里,60.00㎡,西北,1室1厅1卫
整租·泰中花园 1室1厅 南,大兴,高米店,泰中花园,66.00㎡,南,1室1厅1卫
整租·新华联家园北区 1室1厅 西/北,通州,果园,新华联家园北区,70.00㎡,西 北,1室1厅1卫
整租·碧水明珠 1室1厅 北,通州,北关,碧水明珠,69.00㎡,北,1室1厅1卫
整租·中泽家园 1室1厅 南,通州,九棵树(家乐福),中泽家园,61.39㎡,南,1室1厅1卫
整租·枣园尚城南区 1室1厅 南,大兴,枣园,枣园尚城南区,62.05㎡,南,1室1厅1卫
整租·巴克摩界 1室1厅 南,通州,果园,巴克摩界,62.00㎡,南,1室1厅1卫
整租·恒华湖公馆 2房间 南,顺义,马坡,恒华湖公馆,80.68㎡,南,2房间1卫
整租·潭柘新区4号院 1室1厅 南/北,门头沟,门头沟其它,潭柘新区4号院,83.00㎡,南 北,1室1厅1卫
整租·首开玲珑汇 2房间 南,丰台,青塔,首开玲珑汇,80.00㎡,南,2房间2卫
整租·雍景四季 1室1厅 西北,石景山,苹果园,雍景四季,84.00㎡,西北,1室1厅1卫
整租·绿地启航社 1房间 南,房山,长阳,绿地启航社,87.74㎡,南,1房间0卫
整租·北京经开芯中心 1房间 西,亦庄开发区,亦庄,北京经开芯中心,90.00㎡,西,1房间1卫
整租·红石座 2房间 南,昌平,东关,红石座,81.84㎡,南,2房间1卫
整租·清澄名苑北区 1室1厅 东,大兴,黄村中,清澄名苑北区,94.75㎡,东,1室1厅1卫
整租·路劲世界城二期 2房间 东,昌平,南邵,路劲世界城二期,86.66㎡,东,2房间1卫
整租·福臻家园南区 1室1厅 西,丰台,宋家庄,福臻家园南区,87.56㎡,西,1室1厅1卫
整租·首开玲珑汇 2房间 北,丰台,青塔,首开玲珑汇,80.00㎡,北,2房间2卫
整租·清澄名苑北区 1室0厅 西,大兴,黄村中,清澄名苑北区,88.09㎡,西,1室0厅1卫
整租·学院国际大厦 1室1厅 南,海淀,知春路,学院国际大厦,336.85㎡,南,1室1厅1卫
整租·建外soho西区 1室1厅 南,朝阳,CBD,建外soho西区,252.57㎡,南,1室1厅1卫
整租·郦城工作区 2房间 北,海淀,四季青,郦城工作区,226.00㎡,北,2房间1卫
整租·学院国际大厦 1室0厅 东,海淀,知春路,学院国际大厦,361.03㎡,东,1室0厅0卫
整租·尚都国际中心 1室1厅 东,朝阳,东大桥,尚都国际中心,194.23㎡,东,1室1厅0卫
整租·第三置业 1室1厅 南/西,朝阳,三元桥,第三置业,185.03㎡,南 西,1室1厅1卫
整租·时间国际中心 1室0厅 东南/西北,朝阳,三元桥,时间国际中心,240.58㎡,东南 西北,1室0厅0卫
整租·远洋万和公馆 2房间 南/西/北,朝阳,望京,远洋万和公馆,288.00㎡,南 西 北,2房间1卫
整租·建外soho西区 1室0厅 南,朝阳,CBD,建外soho西区,152.26㎡,南,1室0厅0卫
整租·天安国汇 1室0厅 北,西城,西单,天安国汇,147.00㎡,北,1室0厅2卫
整租·仓上小区 2房间 西,顺义,顺义城,仓上小区,255.00㎡,西,2房间1卫
整租·悠乐汇 1房间 南,朝阳,望京,悠乐汇,460.33㎡,南,1房间0卫
整租·中安盛业大厦 1室1厅 东北,朝阳,亚运村小营,中安盛业大厦,177.98㎡,东北,1室1厅1卫
整租·时间国际中心 1室1厅 东北,朝阳,三元桥,时间国际中心,156.78㎡,东北,1室1厅0卫
整租·北京银泰中心 1室1厅 北,朝阳,CBD,北京银泰中心,133.00㎡,北,1室1厅1卫
整租·远洋新干线 1室1厅 复式 东南,朝阳,燕莎,远洋新干线,178.94㎡,东南,1室1厅1卫
整租·天安国汇 1室1厅 北,西城,西单,天安国汇,160.71㎡,北,1室1厅2卫
整租·苹果汇 2房间 东/南/西/北,石景山,苹果园,苹果汇,500.00㎡,东 南 西 北,2房间3卫
整租·时间国际中心 1室0厅 南,朝阳,三元桥,时间国际中心,260.00㎡,南,1室0厅0卫
整租·金泉时代 1室1厅 西北,朝阳,亚运村,金泉时代,229.69㎡,西北,1室1厅2卫
整租·景龙国际 1室1厅 南/北,朝阳,奥林匹克公园,景龙国际,160.00㎡,南 北,1室1厅0卫
整租·景龙国际 1室1厅 南/北,朝阳,奥林匹克公园,景龙国际,170.00㎡,南 北,1室1厅1卫
整租·尚都国际中心 2房间 北,朝阳,东大桥,尚都国际中心,140.00㎡,北,2房间0卫
整租·SOHO尚都 1室1厅 东南,朝阳,东大桥,SOHO尚都,281.46㎡,东南,1室1厅1卫
整租·广益大厦 1房间 西,西城,长椿街,广益大厦,566.00㎡,西,1房间0卫
整租·德胜门内大街 1室0厅 东/南/西/北,西城,西四,德胜门内大街,266.00㎡,东 南 西 北,1室0厅0卫
整租·铸诚大厦 1室0厅 西北,海淀,皂君庙,铸诚大厦,215.84㎡,西北,1室0厅1卫
整租·SOHO北京公馆 1室1厅 东,朝阳,亮马桥,SOHO北京公馆,131.63㎡,东,1室1厅2卫
整租·万科大都会 2房间 南,朝阳,CBD,万科大都会,160.82㎡,南,2房间1卫
整租·中安盛业大厦 1室1厅 西北,朝阳,亚运村小营,中安盛业大厦,179.54㎡,西北,1室1厅1卫
整租·SOHO尚都 1室0厅 东南,朝阳,东大桥,SOHO尚都,180.00㎡,东南,1室0厅1卫
整租·北京机床研究所家属楼 2室1厅 南/北,密云,溪翁庄镇,北京机床研究所家属楼,59.53㎡,南 北,2室1厅1卫
整租·长城溪溪小镇 2室1厅 南,怀柔,怀柔其它,长城溪溪小镇,53.99㎡,南,2室1厅1卫
整租·亚新一里 2室1厅 南/北,房山,房山其它,亚新一里,58.44㎡,南 北,2室1厅1卫
整租·拱辰大街6、8、10号楼 2室1厅 南/北,房山,良乡,拱辰大街6、8、10号楼,52.79㎡,南 北,2室1厅1卫
整租·四合巷小区 2室1厅 南,房山,良乡,四合巷小区,57.05㎡,南,2室1厅1卫
整租·湖光小区 2室1厅 南/北,怀柔,怀柔,湖光小区,56.22㎡,南 北,2室1厅1卫
整租·滨湖小区 2室1厅 南/北,怀柔,怀柔,滨湖小区,55.34㎡,南 北,2室1厅1卫
整租·昊文温泉家园 2室1厅 南/北,房山,良乡,昊文温泉家园,56.65㎡,南 北,2室1厅1卫
整租·新西广街 2室1厅 南,昌平,南口,新西广街,55.64㎡,南,2室1厅1卫
整租·富强东里 2室1厅 南,大兴,黄村中,富强东里,55.80㎡,南,2室1厅1卫
整租·西潞园一里 2室1厅 南/北,房山,良乡,西潞园一里,51.26㎡,南 北,2室1厅1卫
整租·建新南区 2室1厅 西北,顺义,顺义城,建新南区,57.00㎡,西北,2室1厅1卫
整租·首开熙悦广场 3房间 LOFT 西北,房山,长阳,首开熙悦广场,52.01㎡,西北,3房间1卫
整租·新城东里 2室1厅 西南,通州,万达,新城东里,60.00㎡,西南,2室1厅1卫
整租·合景领峰10号院 3房间 LOFT 北,房山,长阳,合景领峰10号院,50.69㎡,北,3房间1卫
整租·黄村西里 2室1厅 东,大兴,黄村中,黄村西里,44.00㎡,东,2室1厅1卫
整租·合景领峰10号院 3房间 复式 西北,房山,长阳,合景领峰10号院,47.90㎡,西北,3房间1卫
整租·石园西区 2室1厅 南,顺义,顺义城,石园西区,58.30㎡,南,2室1厅1卫
整租·合景领峰10号院 2室1厅 北,房山,长阳,合景领峰10号院,46.12㎡,北,2室1厅1卫
整租·滨河小区 2室1厅 西南,顺义,顺义城,滨河小区,58.30㎡,西南,2室1厅1卫
独栋·乐乎青年社区 大葆台地铁站 住宅式合租公寓 2室0厅,,,,10.00-40.00㎡,,2室0厅1卫
整租·高井 2室1厅 南/北,石景山,石景山其它,高井,58.00㎡,南 北,2室1厅1卫
整租·义和庄东里 2室1厅 南/北,大兴,黄村火车站,义和庄东里,55.00㎡,南 北,2室1厅1卫
整租·石龙北路20号院 2室1厅 南/北,门头沟,滨河西区,石龙北路20号院,60.00㎡,南 北,2室1厅1卫
整租·天堂河北区 2室1厅 南/北,大兴,天宫院,天堂河北区,56.60㎡,南 北,2室1厅1卫
整租·东山坡二里 2室1厅 南/北,丰台,丰台其它,东山坡二里,53.00㎡,南 北,2室1厅1卫
整租·团河苑 2室1厅 南/北,大兴,枣园,团河苑,56.26㎡,南 北,2室1厅1卫
整租·建新北区 2室1厅 南/北,顺义,顺义城,建新北区,60.00㎡,南 北,2室1厅1卫
整租·建新北区 2室1厅 南/北,顺义,顺义城,建新北区,56.00㎡,南 北,2室1厅1卫
整租·顺兴街17号院 2室1厅 南/北,顺义,马坡,顺兴街17号院,60.00㎡,南 北,2室1厅1卫
整租·建新北区 2室1厅 南,顺义,顺义城,建新北区,53.00㎡,南,2室1厅1卫
整租·顺兴街17号院 2室1厅 南/北,顺义,马坡,顺兴街17号院,59.41㎡,南 北,2室1厅1卫
整租·楸树家园 2室1厅 南,房山,良乡,楸树家园,53.00㎡,南,2室1厅1卫
整租·湖光小区 2室1厅 南/北,怀柔,怀柔,湖光小区,56.00㎡,南 北,2室1厅1卫
整租·首都机场南路西里 2室1厅 南/北,朝阳,首都机场,首都机场南路西里,52.00㎡,南 北,2室1厅1卫
整租·龙熙旭辉6號院 2室1厅 南/北,大兴,大兴新机场,龙熙旭辉6號院,45.00㎡,南 北,2室1厅1卫
整租·伟业嘉园西里 2室1厅 南,房山,良乡,伟业嘉园西里,53.00㎡,南,2室1厅1卫
整租·北环里小区 2室1厅 南/北,昌平,鼓楼大街,北环里小区,53.00㎡,南 北,2室1厅1卫
整租·义宾南区 2室1厅 东/西,顺义,顺义城,义宾南区,52.51㎡,东 西,2室1厅1卫
整租·玉桥北里 2室1厅 西南,通州,乔庄,玉桥北里,57.00㎡,西南,2室1厅1卫
整租·金隅糖 3房间 南/西,房山,长阳,金隅糖,47.00㎡,南 西,3房间1卫
整租·鑫源国际 3房间 南,丰台,成寿寺,鑫源国际,53.00㎡,南,3房间1卫
整租·车公庄西路35号院 2室1厅 南,海淀,紫竹桥,车公庄西路35号院,58.00㎡,南,2室1厅1卫
整租·小黄庄前街13号院 2室1厅 南/北,朝阳,安贞,小黄庄前街13号院,58.10㎡,南 北,2室1厅1卫
整租·翠微中里 2室1厅 东南,海淀,公主坟,翠微中里,56.50㎡,东南,2室1厅1卫
整租·七贤村 2室1厅 南,海淀,紫竹桥,七贤村,56.70㎡,南,2室1厅1卫
整租·合立方 3房间 东/西,昌平,立水桥,合立方,54.00㎡,东 西,3房间2卫
整租·团结湖北口 2室1厅 南,朝阳,团结湖,团结湖北口,48.39㎡,南,2室1厅1卫
整租·大慧寺6号院 2室1厅 南,海淀,白石桥,大慧寺6号院,58.00㎡,南,2室1厅1卫
整租·北太平庄路2号院 2室1厅 南/北,海淀,马甸,北太平庄路2号院,52.00㎡,南 北,2室1厅1卫
整租·后白堆子 2室1厅 南/北,海淀,甘家口,后白堆子,58.00㎡,南 北,2室1厅1卫
整租·蒲黄榆路 2室1厅 东北,丰台,蒲黄榆,蒲黄榆路,57.70㎡,东北,2室1厅1卫
整租·东大街西里 2室1厅 南,丰台,七里庄,东大街西里,58.45㎡,南,2室1厅1卫
整租·光华里社区 2室1厅 南,朝阳,CBD,光华里社区,47.28㎡,南,2室1厅1卫
整租·铁道科学研究院 2室1厅 南/北,海淀,西直门,铁道科学研究院,54.00㎡,南 北,2室1厅1卫
整租·育新花园 2室1厅 南,海淀,西三旗,育新花园,55.80㎡,南,2室1厅1卫
整租·黄寺大街2号院 2室1厅 南/北,东城,安定门,黄寺大街2号院,58.00㎡,南 北,2室1厅1卫
整租·忠实里四巷 2室1厅 南,东城,广渠门,忠实里四巷,58.40㎡,南,2室1厅1卫
整租·团结湖中路北二条 2室1厅 南,朝阳,团结湖,团结湖中路北二条,45.09㎡,南,2室1厅1卫
整租·南三环中路 2室1厅 南,丰台,刘家窑,南三环中路,54.70㎡,南,2室1厅1卫
整租·SOCO公社 2室1厅 南,海淀,西三旗,SOCO公社,52.10㎡,南,2室1厅1卫
整租·万寿路西街11号院 2室1厅 西北,海淀,万寿路,万寿路西街11号院,57.75㎡,西北,2室1厅1卫
整租·白家庄北里 2室1厅 东北,朝阳,三里屯,白家庄北里,56.65㎡,东北,2室1厅1卫
整租·六铺炕二区 2室1厅 东,西城,六铺炕,六铺炕二区,55.60㎡,东,2室1厅1卫
整租·裕民路1号院 2室1厅 南/北,朝阳,马甸,裕民路1号院,54.63㎡,南 北,2室1厅1卫
整租·车道沟南里 2室1厅 南/北,海淀,紫竹桥,车道沟南里,54.41㎡,南 北,2室1厅1卫
整租·花园村小区 2室1厅 南,海淀,甘家口,花园村小区,60.00㎡,南,2室1厅1卫
整租·万泉庄小区 2室1厅 南/北,海淀,苏州桥,万泉庄小区,60.00㎡,南 北,2室1厅1卫
整租·蓟门北里 2室1厅 南,海淀,知春路,蓟门北里,52.90㎡,南,2室1厅1卫
整租·曙光里 2室1厅 南/北,朝阳,三元桥,曙光里,60.00㎡,南 北,2室1厅1卫
整租·交大东路7号院 2室1厅 南,海淀,西直门,交大东路7号院,50.20㎡,南,2室1厅1卫
整租·白家庄西里 2室1厅 南/北,朝阳,三里屯,白家庄西里,54.09㎡,南 北,2室1厅1卫
整租·曙光里 2室1厅 东南,朝阳,三元桥,曙光里,57.21㎡,东南,2室1厅1卫
整租·龙翔路小区 2室1厅 北,海淀,牡丹园,龙翔路小区,54.05㎡,北,2室1厅1卫
整租·美立方 3房间 东,朝阳,北苑,美立方,56.70㎡,东,3房间2卫
整租·七燕路1号院 2室1厅 南,昌平,回龙观,七燕路1号院,55.13㎡,南,2室1厅1卫
整租·翠微南里 2室1厅 东/南,海淀,公主坟,翠微南里,56.53㎡,东 南,2室1厅1卫
整租·农光里 2室1厅 南,朝阳,劲松,农光里,58.79㎡,南,2室1厅1卫
整租·建设部大院 2室1厅 东/西,海淀,甘家口,建设部大院,52.00㎡,东 西,2室1厅1卫
整租·曙光里 2室1厅 南,朝阳,三元桥,曙光里,57.00㎡,南,2室1厅1卫
整租·蓝光云鼎 3房间 南,丰台,马家堡,蓝光云鼎,53.67㎡,南,3房间2卫
整租·东馨园 2室1厅 南,海淀,西北旺,东馨园,60.00㎡,南,2室1厅1卫
整租·钟表南园 2室1厅 南,海淀,马甸,钟表南园,55.40㎡,南,2室1厅1卫
整租·延静里 2室1厅 南/北,朝阳,甜水园,延静里,54.10㎡,南 北,2室1厅1卫
整租·安华西里社区 2室1厅 南,朝阳,安贞,安华西里社区,50.00㎡,南,2室1厅1卫
整租·北京经开尚庭 3房间 跃层 东,亦庄开发区,亦庄,北京经开尚庭,43.00㎡,东,3房间1卫
整租·安德路55号院 2室1厅 东/西,东城,安定门,安德路55号院,53.00㎡,东 西,2室1厅1卫
整租·安华里社区 2室1厅 南,朝阳,安贞,安华里社区,56.78㎡,南,2室1厅1卫
整租·花家地南里 2室1厅 西南,朝阳,望京,花家地南里,57.93㎡,西南,2室1厅1卫
整租·十里堡南区 2室1厅 南,朝阳,石佛营,十里堡南区,40.90㎡,南,2室1厅1卫
整租·和平里七区 2室1厅 南/北,东城,和平里,和平里七区,55.71㎡,南 北,2室1厅1卫
整租·左家庄南里 2室1厅 南,朝阳,国展,左家庄南里,59.79㎡,南,2室1厅1卫
整租·花家地北里 2室1厅 南,朝阳,望京,花家地北里,58.77㎡,南,2室1厅1卫
整租·团结湖北里 2室1厅 南,朝阳,团结湖,团结湖北里,55.00㎡,南,2室1厅1卫
整租·法源寺西里小区 2室1厅 东南/南,西城,牛街,法源寺西里小区,59.78㎡,东南 南,2室1厅1卫
整租·新源街 2室1厅 南,朝阳,亮马桥,新源街,54.64㎡,南,2室1厅1卫
整租·七贤村 2室1厅 南/北,海淀,紫竹桥,七贤村,57.80㎡,南 北,2室1厅1卫
整租·六铺炕一区 2室1厅 南/北,西城,六铺炕,六铺炕一区,58.00㎡,南 北,2室1厅1卫
整租·劲松三区 2室1厅 东,朝阳,劲松,劲松三区,55.99㎡,东,2室1厅1卫
整租·西大望路 2室1厅 南,朝阳,红庙,西大望路,58.00㎡,南,2室1厅1卫
整租·宣武门外东大街 2室0厅 南,西城,宣武门,宣武门外东大街,45.00㎡,南,2室0厅1卫
整租·软件园小区 2室1厅 东/南/北,海淀,中关村,软件园小区,54.00㎡,东 南 北,2室1厅1卫
整租·皂君东里 2室1厅 南,海淀,皂君庙,皂君东里,57.30㎡,南,2室1厅1卫
整租·青云南区 2室1厅 南/北,海淀,皂君庙,青云南区,58.80㎡,南 北,2室1厅1卫
整租·塔院小区 2室1厅 东,海淀,牡丹园,塔院小区,59.70㎡,东,2室1厅1卫
整租·宣武门西大街 2室1厅 南/北,西城,长椿街,宣武门西大街,50.26㎡,南 北,2室1厅1卫
整租·白家庄西里 2室1厅 南,朝阳,三里屯,白家庄西里,47.65㎡,南,2室1厅1卫
整租·万泉庄1号院 2室1厅 南,海淀,苏州桥,万泉庄1号院,59.00㎡,南,2室1厅1卫
整租·三里河东路 2室1厅 东南,西城,月坛,三里河东路,58.80㎡,东南,2室1厅1卫
整租·钻河公馆 2室1厅 西,海淀,西直门,钻河公馆,46.71㎡,西,2室1厅2卫
整租·裕中东里 2室1厅 南,西城,马甸,裕中东里,56.20㎡,南,2室1厅1卫
整租·七省办 2室1厅 南/北,海淀,马甸,七省办,56.60㎡,南 北,2室1厅1卫
整租·科技大学 2室1厅 南,海淀,二里庄,科技大学,48.50㎡,南,2室1厅1卫
整租·苏州胡同 2室1厅 南,东城,建国门内,苏州胡同,55.14㎡,南,2室1厅1卫
整租·邮科社区 2室1厅 南,海淀,牡丹园,邮科社区,50.30㎡,南,2室1厅1卫
整租·交道口北二条35号院 2室1厅 南/北,东城,交道口,交道口北二条35号院,55.00㎡,南 北,2室1厅1卫
整租·东皇城根南街 2室1厅 东/西,东城,灯市口,东皇城根南街,52.88㎡,东 西,2室1厅1卫
整租·海淀南路 2室1厅 南,海淀,苏州桥,海淀南路,54.60㎡,南,2室1厅1卫
整租·白家庄西里 2室1厅 南,朝阳,三里屯,白家庄西里,49.86㎡,南,2室1厅1卫
整租·稻香园 2室1厅 南/北,海淀,苏州桥,稻香园,60.00㎡,南 北,2室1厅1卫
整租·二里庄小区 2室1厅 南/北,海淀,二里庄,二里庄小区,60.00㎡,南 北,2室1厅1卫
整租·新文化街 2室1厅 东,西城,金融街,新文化街,49.90㎡,东,2室1厅1卫
整租·三里屯东 2室1厅 西,朝阳,三里屯,三里屯东,60.00㎡,西,2室1厅1卫
整租·黄庄小区 2室1厅 南/北,海淀,中关村,黄庄小区,57.40㎡,南 北,2室1厅1卫
整租·中关村 2室1厅 南,海淀,中关村,中关村,57.94㎡,南,2室1厅1卫
整租·北医三院宿舍 2室1厅 南,海淀,牡丹园,北医三院宿舍,54.00㎡,南,2室1厅1卫
整租·四道口9号院 2室1厅 南,海淀,皂君庙,四道口9号院,51.70㎡,南,2室1厅1卫
整租·西王庄小区 2室1厅 南,海淀,五道口,西王庄小区,58.00㎡,南,2室1厅1卫
整租·西苑医院 2室1厅 南,海淀,颐和园,西苑医院,58.03㎡,南,2室1厅1卫
整租·月坛西街东里21号院 2室1厅 南/北,西城,月坛,月坛西街东里21号院,54.20㎡,南 北,2室1厅1卫
整租·花园路5号院 2室1厅 南,海淀,北太平庄,花园路5号院,55.70㎡,南,2室1厅1卫
整租·福月家园 2室1厅 南/北,密云,穆家峪镇,福月家园,100.00㎡,南 北,2室1厅2卫
整租·金世纪嘉园 2室1厅 南,东城,广渠门,金世纪嘉园,75.00㎡,南,2室1厅1卫
整租·名都园 2室2厅 南,顺义,中央别墅区,名都园,72.00㎡,南,2室2厅2卫
整租·广泰西路1号院 2室1厅 南/北,朝阳,百子湾,广泰西路1号院,71.10㎡,南 北,2室1厅1卫
整租·教场口街2号院 2室1厅 南/北,西城,六铺炕,教场口街2号院,70.00㎡,南 北,2室1厅1卫
整租·清华园 2室1厅 南,海淀,五道口,清华园,60.00㎡,南,2室1厅1卫
整租·和平里中街3号院 2室1厅 西北,东城,和平里,和平里中街3号院,79.83㎡,西北,2室1厅1卫
整租·新景家园东区 2室1厅 东,东城,崇文门,新景家园东区,76.43㎡,东,2室1厅1卫
整租·铁道部宿舍 2室1厅 东,海淀,西直门,铁道部宿舍,76.84㎡,东,2室1厅1卫
整租·甘家口小区 2室1厅 南/北,海淀,甘家口,甘家口小区,65.00㎡,南 北,2室1厅1卫
整租·新纪家园 2室1厅 南,朝阳,太阳宫,新纪家园,70.98㎡,南,2室1厅1卫
整租·农丰里 2室1厅 南/北,朝阳,东大桥,农丰里,64.07㎡,南 北,2室1厅1卫
整租·立方庭 2室1厅 南,海淀,苏州桥,立方庭,68.36㎡,南,2室1厅2卫
整租·酷特区 2室1厅 南/北,朝阳,石佛营,酷特区,79.58㎡,南 北,2室1厅1卫
整租·三里河一区3号院 2室1厅 西南,西城,月坛,三里河一区3号院,76.00㎡,西南,2室1厅1卫
整租·朝悦居 2室1厅 北,朝阳,望京,朝悦居,79.26㎡,北,2室1厅1卫
整租·东升园 2室1厅 东/西,海淀,五道口,东升园,72.00㎡,东 西,2室1厅1卫
整租·莲花池东路 2室1厅 南,西城,木樨地,莲花池东路,60.90㎡,南,2室1厅1卫
整租·八家嘉园 2室1厅 南/北,海淀,学院路,八家嘉园,79.00㎡,南 北,2室1厅1卫
整租·朝悦居 2室1厅 南,朝阳,望京,朝悦居,79.77㎡,南,2室1厅1卫
整租·花家地北里 2室1厅 南,朝阳,望京,花家地北里,67.09㎡,南,2室1厅1卫
整租·橡树湾二期 2室1厅 东,海淀,清河,橡树湾二期,72.00㎡,东,2室1厅1卫
整租·世华龙樾一期西区 2室1厅 南/北,海淀,清河,世华龙樾一期西区,75.00㎡,南 北,2室1厅1卫
整租·新风南里 2室1厅 西北,西城,马甸,新风南里,68.90㎡,西北,2室1厅1卫
整租·德胜门西大街甲5号 2室1厅 东北,海淀,小西天,德胜门西大街甲5号,61.10㎡,东北,2室1厅1卫
整租·南门仓胡同 2室1厅 西,东城,朝阳门内,南门仓胡同,63.77㎡,西,2室1厅1卫
整租·德外大街乙12号院 2室1厅 东/西,西城,六铺炕,德外大街乙12号院,60.00㎡,东 西,2室1厅1卫
整租·皂君东里 2室1厅 西/北,海淀,皂君庙,皂君东里,68.60㎡,西 北,2室1厅1卫
整租·定慧东里 2室1厅 南,海淀,定慧寺,定慧东里,61.40㎡,南,2室1厅1卫
整租·财智公馆 2室1厅 西南,海淀,紫竹桥,财智公馆,61.02㎡,西南,2室1厅1卫
整租·新风北里 2室1厅 南,西城,马甸,新风北里,60.80㎡,南,2室1厅1卫
整租·王府仓胡同10号院 2室1厅 南/北,西城,金融街,王府仓胡同10号院,78.00㎡,南 北,2室1厅1卫
整租·红玺台 2室1厅 南,朝阳,太阳宫,红玺台,71.80㎡,南,2室1厅1卫
整租·红玺台 2室1厅 南,朝阳,太阳宫,红玺台,72.22㎡,南,2室1厅1卫
整租·天鹅湾北区 2室1厅 西,朝阳,朝青,天鹅湾北区,64.98㎡,西,2室1厅1卫
整租·蓝色家园 2室1厅 北,朝阳,望京,蓝色家园,77.27㎡,北,2室1厅1卫
整租·北京金茂府二期 2室1厅 南,丰台,宋家庄,北京金茂府二期,76.41㎡,南,2室1厅1卫
整租·南新园 2室1厅 南/北,朝阳,华威桥,南新园,73.94㎡,南 北,2室1厅1卫
整租·汇新家园 2室1厅 西南,海淀,万柳,汇新家园,77.73㎡,西南,2室1厅1卫
整租·铁二区 2室1厅 东南,西城,月坛,铁二区,74.00㎡,东南,2室1厅1卫
整租·国瑞城中区 2室1厅 东,东城,崇文门,国瑞城中区,70.00㎡,东,2室1厅1卫
整租·兴隆都市馨园 2室1厅 南,东城,崇文门,兴隆都市馨园,72.79㎡,南,2室1厅1卫
整租·朝悦居 2室1厅 南,朝阳,望京,朝悦居,80.00㎡,南,2室1厅1卫
整租·北土城西路167号院 2室1厅 南/北,海淀,牡丹园,北土城西路167号院,61.35㎡,南 北,2室1厅1卫
整租·志新村 2室1厅 南,海淀,二里庄,志新村,61.60㎡,南,2室1厅1卫
整租·水科院 2室1厅 南,海淀,军博,水科院,63.70㎡,南,2室1厅1卫
整租·知春里 2室1厅 南/北,海淀,双榆树,知春里,61.00㎡,南 北,2室1厅1卫
整租·中国铁建国际城 2室1厅 南,朝阳,北苑,中国铁建国际城,71.00㎡,南,2室1厅1卫
整租·真武家园 2室1厅 南,西城,木樨地,真武家园,61.00㎡,南,2室1厅1卫
整租·魏公村佳苑 2室1厅 南/北,海淀,魏公村,魏公村佳苑,68.00㎡,南 北,2室1厅1卫
整租·白广路6号院 2室1厅 南,西城,牛街,白广路6号院,68.39㎡,南,2室1厅1卫
整租·望京花园西区 2室1厅 西,朝阳,望京,望京花园西区,79.60㎡,西,2室1厅2卫
整租·西豪逸景 2室1厅 东,西城,广安门,西豪逸景,69.16㎡,东,2室1厅1卫
整租·暂安处 2室1厅 南/北,海淀,五道口,暂安处,72.00㎡,南 北,2室1厅1卫
整租·澳洲康都 2室2厅 北,朝阳,望京,澳洲康都,72.00㎡,北,2室2厅2卫
整租·苹果社区南区 2室1厅 北,朝阳,双井,苹果社区南区,72.00㎡,北,2室1厅1卫
整租·今典花园 2室1厅 西北,海淀,小西天,今典花园,73.80㎡,西北,2室1厅1卫
整租·新景家园东区 2室1厅 南/北,东城,崇文门,新景家园东区,77.85㎡,南 北,2室1厅1卫
整租·苹果社区北区 2室1厅 北,朝阳,双井,苹果社区北区,78.08㎡,北,2室1厅1卫
整租·安华里社区 2室1厅 东/南,朝阳,安贞,安华里社区,74.00㎡,东 南,2室1厅1卫
整租·晨月园 2室1厅 西北,海淀,世纪城,晨月园,76.85㎡,西北,2室1厅1卫
整租·红联北村 2室1厅 东/西,海淀,小西天,红联北村,66.70㎡,东 西,2室1厅1卫
整租·国瑞城东区 2室1厅 西北,东城,崇文门,国瑞城东区,76.00㎡,西北,2室1厅1卫
整租·生态园 2室1厅 南/北,海淀,学院路,生态园,75.00㎡,南 北,2室1厅1卫
整租·双榆树东里 2室1厅 南,海淀,双榆树,双榆树东里,63.70㎡,南,2室1厅1卫
整租·空港新苑一区3号院 2室1厅 南/北,大兴,大兴机场空港,空港新苑一区3号院,90.00㎡,南 北,2室1厅1卫
整租·空港贵苑1号院 2室1厅 南,大兴,大兴机场空港,空港贵苑1号院,81.49㎡,南,2室1厅1卫
整租·空港贵苑2号院 2室1厅 南,大兴,大兴机场空港,空港贵苑2号院,81.49㎡,南,2室1厅1卫
整租·蓝天花园 2室1厅 南/北,大兴,大兴新机场洋房别墅区,蓝天花园,90.73㎡,南 北,2室1厅1卫
整租·花园小区 2室2厅 南/北,密云,鼓楼街道,花园小区,89.27㎡,南 北,2室2厅1卫
整租·空港茗苑1号院 2室1厅 南/北,大兴,大兴机场空港,空港茗苑1号院,89.67㎡,南 北,2室1厅1卫
整租·空港合苑2号院 2室1厅 南,大兴,大兴机场空港,空港合苑2号院,89.81㎡,南,2室1厅1卫
整租·空港新苑五区14号院 2室1厅 南/北,大兴,大兴机场空港,空港新苑五区14号院,89.00㎡,南 北,2室1厅1卫
整租·空港合苑1号院 2室1厅 南/北,大兴,大兴机场空港,空港合苑1号院,89.06㎡,南 北,2室1厅1卫
整租·空港贵苑1号院 2室1厅 南,大兴,大兴机场空港,空港贵苑1号院,81.49㎡,南,2室1厅1卫
整租·榆垡新城嘉园D区 2室1厅 南/北,大兴,大兴机场空港,榆垡新城嘉园D区,86.00㎡,南 北,2室1厅1卫
整租·空港茗苑2号院 2室1厅 南/北,大兴,大兴机场空港,空港茗苑2号院,89.00㎡,南 北,2室1厅1卫
整租·十里春风 2室1厅 南/北,通州,通州其它,十里春风,81.69㎡,南 北,2室1厅1卫
整租·空港新苑二区1号院 2室1厅 南/北,大兴,大兴机场空港,空港新苑二区1号院,89.00㎡,南 北,2室1厅1卫
整租·敬贤家园北里E区 2室1厅 南/北,大兴,天宫院南,敬贤家园北里E区,90.00㎡,南 北,2室1厅1卫
整租·世界名园北区 2室1厅 南/北,房山,窦店,世界名园北区,93.68㎡,南 北,2室1厅1卫
整租·空港华苑2号院 2室1厅 南,大兴,大兴机场空港,空港华苑2号院,81.49㎡,南,2室1厅1卫
整租·檀营国际生态城南区 2室1厅 南,密云,鼓楼街道,檀营国际生态城南区,93.52㎡,南,2室1厅1卫
整租·檀营国际生态城南区 2室1厅 南,密云,鼓楼街道,檀营国际生态城南区,95.36㎡,南,2室1厅1卫
整租·空港合苑3号院 2室1厅 南,大兴,大兴机场空港,空港合苑3号院,81.49㎡,南,2室1厅1卫
整租·檀营国际生态城北区 2室1厅 南,密云,鼓楼街道,檀营国际生态城北区,93.45㎡,南,2室1厅1卫
整租·空港茗苑1号院 2室1厅 南/北,大兴,大兴机场空港,空港茗苑1号院,89.06㎡,南 北,2室1厅1卫
整租·空港贵苑1号院 2室1厅 南,大兴,大兴机场空港,空港贵苑1号院,81.49㎡,南,2室1厅1卫
整租·空港新苑五区14号院 2室1厅 南,大兴,大兴机场空港,空港新苑五区14号院,81.00㎡,南,2室1厅1卫
整租·空港新苑四区8号院 2室1厅 南/北,大兴,大兴机场空港,空港新苑四区8号院,89.00㎡,南 北,2室1厅1卫
整租·檀营国际生态城北区 2室1厅 南,密云,鼓楼街道,檀营国际生态城北区,94.00㎡,南,2室1厅1卫
整租·空港茗苑2号院 2室1厅 南/北,大兴,大兴机场空港,空港茗苑2号院,90.00㎡,南 北,2室1厅1卫
整租·空港新苑五区13号院 2室1厅 南/北,大兴,大兴机场空港,空港新苑五区13号院,87.12㎡,南 北,2室1厅1卫
整租·空港新苑二区6号院 2室1厅 南/北,大兴,大兴机场空港,空港新苑二区6号院,90.04㎡,南 北,2室1厅1卫
整租·空港合苑3号院 2室1厅 南,大兴,大兴机场空港,空港合苑3号院,89.81㎡,南,2室1厅1卫
整租·空港华苑2号院 2室1厅 南/北,大兴,大兴机场空港,空港华苑2号院,89.67㎡,南 北,2室1厅1卫
整租·空港合苑3号院 2室1厅 南,大兴,大兴机场空港,空港合苑3号院,81.49㎡,南,2室1厅1卫
整租·空港华苑2号院 2室1厅 南/北,大兴,大兴机场空港,空港华苑2号院,89.67㎡,南 北,2室1厅1卫
整租·空港雅苑1号院 2室1厅 南/北,大兴,大兴机场空港,空港雅苑1号院,81.00㎡,南 北,2室1厅1卫
整租·空港合苑3号院 2室1厅 南/北,大兴,大兴机场空港,空港合苑3号院,89.67㎡,南 北,2室1厅1卫
整租·沁园春景 2室2厅 南/北,房山,窦店,沁园春景,95.19㎡,南 北,2室2厅1卫
整租·空港茗苑2号院 2室1厅 南,大兴,大兴机场空港,空港茗苑2号院,81.49㎡,南,2室1厅1卫
整租·空港华苑2号院 2室1厅 南,大兴,大兴机场空港,空港华苑2号院,81.00㎡,南,2室1厅1卫
整租·空港富苑3号院 2室1厅 南,大兴,大兴机场空港,空港富苑3号院,80.00㎡,南,2室1厅1卫
整租·空港合苑3号院 2室1厅 南,大兴,大兴机场空港,空港合苑3号院,89.81㎡,南,2室1厅1卫
整租·空港新苑二区6号院 2室1厅 南/北,大兴,大兴机场空港,空港新苑二区6号院,90.04㎡,南 北,2室1厅1卫
整租·空港新苑四区12号院 2室1厅 南/北,大兴,大兴机场空港,空港新苑四区12号院,87.12㎡,南 北,2室1厅1卫
整租·空港新苑五区13号院 2室1厅 南/北,大兴,大兴机场空港,空港新苑五区13号院,87.12㎡,南 北,2室1厅1卫
整租·檀营国际生态城北区 2室1厅 南,密云,鼓楼街道,檀营国际生态城北区,92.95㎡,南,2室1厅1卫
整租·空港合苑1号院 2室1厅 南/北,大兴,大兴机场空港,空港合苑1号院,89.00㎡,南 北,2室1厅1卫
整租·田家园小区 2室1厅 南/北,房山,窦店,田家园小区,92.73㎡,南 北,2室1厅1卫
整租·大唐庄东区 2室2厅 南,密云,密云其它,大唐庄东区,94.10㎡,南,2室2厅1卫
整租·榆垡新城嘉园A区 2室1厅 南/北,大兴,大兴机场空港,榆垡新城嘉园A区,87.27㎡,南 北,2室1厅1卫
整租·空港华苑1号院 2室1厅 南,大兴,大兴机场空港,空港华苑1号院,81.00㎡,南,2室1厅1卫
整租·榆垡新城嘉园A区 2室2厅 南/北,大兴,大兴机场空港,榆垡新城嘉园A区,87.92㎡,南 北,2室2厅1卫
整租·空港荣苑2号院 2室1厅 南/北,大兴,大兴机场空港,空港荣苑2号院,89.00㎡,南 北,2室1厅1卫
整租·沁园春景 2室2厅 西南,房山,窦店,沁园春景,95.64㎡,西南,2室2厅1卫
整租·空港贵苑2号院 2室1厅 南/北,大兴,大兴机场空港,空港贵苑2号院,81.49㎡,南 北,2室1厅1卫
整租·空港新苑四区8号院 2室1厅 南/北,大兴,大兴机场空港,空港新苑四区8号院,89.00㎡,南 北,2室1厅1卫
整租·空港新苑一区3号院 2室1厅 南/北,大兴,大兴机场空港,空港新苑一区3号院,90.00㎡,南 北,2室1厅1卫
整租·榆垡新城嘉园B区 2室1厅 南/北,大兴,大兴机场空港,榆垡新城嘉园B区,80.00㎡,南 北,2室1厅1卫
整租·空港华苑2号院 2室1厅 南,大兴,大兴机场空港,空港华苑2号院,81.49㎡,南,2室1厅1卫
整租·空港新苑四区12号院 2室1厅 南/北,大兴,大兴机场空港,空港新苑四区12号院,88.60㎡,南 北,2室1厅1卫
整租·空港华苑1号院 2室1厅 南/北,大兴,大兴机场空港,空港华苑1号院,89.00㎡,南 北,2室1厅1卫
整租·空港茗苑1号院 2室1厅 南/北,大兴,大兴机场空港,空港茗苑1号院,89.00㎡,南 北,2室1厅1卫
整租·空港荣苑3号院 2室1厅 南/北,大兴,大兴机场空港,空港荣苑3号院,89.81㎡,南 北,2室1厅1卫
整租·育新花园西里 2室1厅 南/北,大兴,大兴新机场洋房别墅区,育新花园西里,87.00㎡,南 北,2室1厅1卫
整租·蓝天花园 2室1厅 南,大兴,大兴新机场洋房别墅区,蓝天花园,91.20㎡,南,2室1厅1卫
整租·育新花园西里 2室1厅 南/北,大兴,大兴新机场洋房别墅区,育新花园西里,86.00㎡,南 北,2室1厅1卫
整租·沿湖小区南区 2室2厅 南/北,密云,鼓楼街道,沿湖小区南区,81.39㎡,南 北,2室2厅1卫
整租·花园小区 2室2厅 南/北,密云,鼓楼街道,花园小区,89.00㎡,南 北,2室2厅1卫
整租·白檀小区 2室1厅 南/北,密云,鼓楼街道,白檀小区,89.84㎡,南 北,2室1厅1卫
整租·十里春风 2室1厅 南/北,通州,通州其它,十里春风,81.00㎡,南 北,2室1厅1卫
整租·檀营国际生态城南区 2室1厅 南/北,密云,鼓楼街道,檀营国际生态城南区,95.17㎡,南 北,2室1厅1卫
整租·恒盛小镇艺墅 2室1厅 南/北,大兴,大兴新机场洋房别墅区,恒盛小镇艺墅,89.75㎡,南 北,2室1厅1卫
整租·十里春风 2室1厅 南/北,通州,通州其它,十里春风,80.00㎡,南 北,2室1厅1卫
整租·唐源云居 2室1厅 南/北,密云,密云镇,唐源云居,95.33㎡,南 北,2室1厅1卫
整租·檀城家园北区 2室1厅 南/北,密云,鼓楼街道,檀城家园北区,90.00㎡,南 北,2室1厅1卫
整租·育新花园中里 2室1厅 南/北,大兴,大兴新机场洋房别墅区,育新花园中里,88.00㎡,南 北,2室1厅1卫
整租·柏林山水 2室1厅 南/北,密云,鼓楼街道,柏林山水,91.61㎡,南 北,2室1厅1卫
整租·美丽家园 2室2厅 南/北,怀柔,怀柔,美丽家园,92.10㎡,南 北,2室2厅1卫
整租·于家园一区 2室1厅 南/北,怀柔,怀柔,于家园一区,92.30㎡,南 北,2室1厅1卫
整租·石桥西区 2室1厅 南,密云,鼓楼街道,石桥西区,91.54㎡,南,2室1厅1卫
整租·柏泉庄园雁鸣园B区 2室1厅 南/北,怀柔,怀柔,柏泉庄园雁鸣园B区,89.11㎡,南 北,2室1厅1卫
整租·花园小区 2室2厅 南/北,密云,鼓楼街道,花园小区,80.73㎡,南 北,2室2厅1卫
整租·京南嘉园 2室1厅 南/北,房山,窦店,京南嘉园,96.47㎡,南 北,2室1厅1卫
整租·石桥西区 2室2厅 南/北,密云,鼓楼街道,石桥西区,96.66㎡,南 北,2室2厅2卫
整租·凤瑞二园 2室2厅 南/北,怀柔,怀柔,凤瑞二园,92.42㎡,南 北,2室2厅1卫
整租·育新花园南里 2室1厅 南/北,大兴,大兴新机场洋房别墅区,育新花园南里,87.12㎡,南 北,2室1厅1卫
整租·檀营国际生态城北区 2室2厅 南/北,密云,鼓楼街道,檀营国际生态城北区,93.32㎡,南 北,2室2厅1卫
整租·当代采育满庭春MOMA 2室1厅 南,大兴,大兴新机场洋房别墅区,当代采育满庭春MOMA,84.70㎡,南,2室1厅1卫
整租·十里春风 2室1厅 南/北,通州,通州其它,十里春风,80.00㎡,南 北,2室1厅1卫
整租·十里春风 2室1厅 南/北,通州,通州其它,十里春风,80.11㎡,南 北,2室1厅1卫
整租·十里春风 2室1厅 南/北,通州,通州其它,十里春风,81.73㎡,南 北,2室1厅1卫
整租·密东广场（东区） 2室1厅 南/北,密云,鼓楼街道,密东广场（东区）,80.46㎡,南 北,2室1厅1卫
整租·长安小区 2室1厅 南/北,密云,鼓楼街道,长安小区,92.22㎡,南 北,2室1厅1卫
整租·金蝉南里 2室1厅 南/北,朝阳,欢乐谷,金蝉南里,89.40㎡,南 北,2室1厅1卫
整租·保利首开丽湾家园 2室1厅 东,朝阳,东坝,保利首开丽湾家园,81.98㎡,东,2室1厅1卫
整租·四方景园二区 2室1厅 南,丰台,成寿寺,四方景园二区,96.00㎡,南,2室1厅1卫
整租·杨闸新村 2室1厅 南,朝阳,管庄,杨闸新村,86.11㎡,南,2室1厅1卫
整租·富力金禧花园 2室1厅 西,通州,万达,富力金禧花园,89.55㎡,西,2室1厅1卫
整租·天泰新房苑 2室1厅 南,朝阳,双桥,天泰新房苑,88.33㎡,南,2室1厅1卫
整租·观海苑 2室1厅 南,亦庄开发区,亦庄开发区其它,观海苑,90.00㎡,南,2室1厅1卫
整租·南海家园六里 2室1厅 南,大兴,亦庄开发区其它,南海家园六里,90.00㎡,南,2室1厅1卫
整租·格兰晴天 2室2厅 南/北,通州,玉桥,格兰晴天,98.00㎡,南 北,2室2厅1卫
整租·康泉小区 2室1厅 南,朝阳,双桥,康泉小区,95.85㎡,南,2室1厅1卫
整租·葛村西里 2室1厅 南,丰台,玉泉营,葛村西里,87.00㎡,南,2室1厅1卫
整租·逸秀名园 2室1厅 南,通州,万达,逸秀名园,99.59㎡,南,2室1厅1卫
整租·岚山 2室1厅 南/北,海淀,海淀其它,岚山,89.00㎡,南 北,2室1厅1卫
整租·金地仰山西区 2室1厅 南,大兴,高米店,金地仰山西区,87.05㎡,南,2室1厅1卫
整租·双桥小区 2室1厅 南/北,朝阳,双桥,双桥小区,81.66㎡,南 北,2室1厅1卫
整租·合生滨江帝景一期 2室2厅 南/北,通州,玉桥,合生滨江帝景一期,89.40㎡,南 北,2室2厅1卫
整租·金蝉北里 2室1厅 东北,朝阳,垡头,金蝉北里,91.00㎡,东北,2室1厅1卫
整租·贵园北里甲区 2室1厅 南,亦庄开发区,亦庄,贵园北里甲区,88.74㎡,南,2室1厅1卫
整租·合生滨江帝景二期 2室1厅 南,通州,玉桥,合生滨江帝景二期,90.69㎡,南,2室1厅1卫
整租·天通苑东三区 2室1厅 南/北,昌平,天通苑,天通苑东三区,94.00㎡,南 北,2室1厅1卫
整租·富卓苑 2室1厅 南/北,丰台,马家堡,富卓苑,81.00㎡,南 北,2室1厅1卫
整租·旧宫北里 2室1厅 南,大兴,旧宫,旧宫北里,96.55㎡,南,2室1厅1卫
整租·燕保祈东家园二期 2室1厅 南/北,朝阳,垡头,燕保祈东家园二期,80.00㎡,南 北,2室1厅1卫
整租·京旺家园 2室1厅 南,朝阳,中央别墅区,京旺家园,82.51㎡,南,2室1厅1卫
整租·万恒家园 2室1厅 南/北,丰台,青塔,万恒家园,97.00㎡,南 北,2室1厅1卫
整租·大城小镇 2室1厅 南,大兴,旧宫,大城小镇,92.00㎡,南,2室1厅1卫
整租·保利嘉园三号院 2室1厅 南/北,朝阳,常营,保利嘉园三号院,87.24㎡,南 北,2室1厅1卫
整租·龙跃苑四区 2室1厅 南,昌平,回龙观,龙跃苑四区,90.03㎡,南,2室1厅1卫
整租·民岳家园 2室1厅 南,丰台,岳各庄,民岳家园,99.68㎡,南,2室1厅1卫
整租·保利紫荆香谷北区 2室1厅 南,昌平,昌平其它,保利紫荆香谷北区,85.00㎡,南,2室1厅1卫
整租·万润风景 2室1厅 南/北,丰台,菜户营,万润风景,90.00㎡,南 北,2室1厅1卫
整租·合顺家园 2室1厅 南,丰台,新宫,合顺家园,84.92㎡,南,2室1厅1卫
整租·西黄新村北里 2室1厅 南/北,石景山,苹果园,西黄新村北里,87.77㎡,南 北,2室1厅1卫
独栋·恒寓星光店 星光二店 平层两居 2室1厅,,,,81.00㎡,,2室1厅1卫
整租·天通西苑二区 2室1厅 南/北,昌平,天通苑,天通西苑二区,82.00㎡,南 北,2室1厅1卫
整租·京旺家园 2室1厅 南/北,朝阳,中央别墅区,京旺家园,80.87㎡,南 北,2室1厅1卫
整租·阿尔法社区 2室1厅 南/北,通州,九棵树(家乐福),阿尔法社区,87.30㎡,南 北,2室1厅1卫
整租·京旺家园 2室1厅 南/北,朝阳,中央别墅区,京旺家园,82.89㎡,南 北,2室1厅1卫
整租·周家庄中路20号院 2室1厅 南/北,朝阳,十里河,周家庄中路20号院,89.00㎡,南 北,2室1厅1卫
整租·京旺家园 2室1厅 南/北,朝阳,中央别墅区,京旺家园,82.51㎡,南 北,2室1厅1卫
整租·首开国风美唐二期 2室1厅 南,昌平,回龙观,首开国风美唐二期,87.51㎡,南,2室1厅1卫
整租·京旺家园 2室1厅 南/北,朝阳,中央别墅区,京旺家园,82.89㎡,南 北,2室1厅1卫
整租·华远铭悦 2室1厅 南,通州,临河里,华远铭悦,89.51㎡,南,2室1厅1卫
整租·京旺家园 2室1厅 南/北,朝阳,中央别墅区,京旺家园,82.89㎡,南 北,2室1厅1卫
整租·方庄南路18号院 2室1厅 南/北,丰台,成寿寺,方庄南路18号院,85.23㎡,南 北,2室1厅1卫
整租·金达园 2室1厅 南/北,昌平,回龙观,金达园,82.70㎡,南 北,2室1厅1卫
整租·保利嘉园三号院 2室1厅 南/北,朝阳,常营,保利嘉园三号院,84.00㎡,南 北,2室1厅1卫
整租·京旺家园 2室1厅 南/北,朝阳,中央别墅区,京旺家园,82.89㎡,南 北,2室1厅1卫
整租·城市之光·东望 2室1厅 南,通州,通州其它,城市之光·东望,80.00㎡,南,2室1厅1卫
整租·和谐家园一区 2室1厅 南/北,昌平,回龙观,和谐家园一区,94.00㎡,南 北,2室1厅1卫
整租·金隅景和园 2室1厅 东/西,朝阳,东坝,金隅景和园,85.00㎡,东 西,2室1厅1卫
整租·京旺家园 2室1厅 南/北,朝阳,中央别墅区,京旺家园,80.87㎡,南 北,2室1厅1卫
整租·远洋一方林语苑 2室1厅 西南,朝阳,双桥,远洋一方林语苑,89.91㎡,西南,2室1厅1卫
整租·方恒东景 2室1厅 南,通州,临河里,方恒东景,84.04㎡,南,2室1厅1卫
整租·新康园 2室1厅 北,海淀,西三旗,新康园,92.40㎡,北,2室1厅1卫
整租·汇景苑二区 2室1厅 南,朝阳,东坝,汇景苑二区,86.88㎡,南,2室1厅1卫
整租·天伦锦城 2室1厅 东/北,丰台,花乡,天伦锦城,90.00㎡,东 北,2室1厅1卫
整租·康营家园四期B区 2室1厅 南,朝阳,中央别墅区,康营家园四期B区,86.58㎡,南,2室1厅1卫
整租·天泰定福苑 2室2厅 南/北,朝阳,定福庄,天泰定福苑,88.00㎡,南 北,2室2厅1卫
整租·朝阳新城四区 2室1厅 南/北,朝阳,东坝,朝阳新城四区,93.99㎡,南 北,2室1厅1卫
整租·日光清城 2室1厅 南/北,通州,果园,日光清城,101.06㎡,南 北,2室1厅1卫
整租·天通苑北二区 2室1厅 南/北,昌平,天通苑,天通苑北二区,113.00㎡,南 北,2室1厅2卫
整租·靓景明居 2室1厅 南/北,通州,九棵树(家乐福),靓景明居,105.72㎡,南 北,2室1厅2卫
整租·雅丽世居 2室1厅 南,通州,果园,雅丽世居,102.00㎡,南,2室1厅1卫
整租·新通国际花园 2室1厅 南/北,通州,梨园,新通国际花园,100.00㎡,南 北,2室1厅2卫
整租·美利新世界 2室1厅 南/北,大兴,旧宫,美利新世界,113.12㎡,南 北,2室1厅2卫
整租·西果园18号 2室2厅 东/西,通州,通州北苑,西果园18号,101.00㎡,东 西,2室2厅1卫
整租·久敬佳园二区 2室1厅 南/北,丰台,和义,久敬佳园二区,102.00㎡,南 北,2室1厅1卫
整租·天通公园里 2室1厅 西南,昌平,天通苑,天通公园里,113.00㎡,西南,2室1厅1卫
整租·郁花园二里 2室1厅 南/北,大兴,高米店,郁花园二里,107.12㎡,南 北,2室1厅1卫
整租·天通苑中苑 2室1厅 南/北,昌平,天通苑,天通苑中苑,103.00㎡,南 北,2室1厅2卫
整租·大瓦窑绿洲家园 2室2厅 南/北,丰台,青塔,大瓦窑绿洲家园,104.00㎡,南 北,2室2厅1卫
整租·新龙城 2室1厅 南/北,昌平,回龙观,新龙城,102.30㎡,南 北,2室1厅1卫
整租·海棠湾一期 2室2厅 复式 南,通州,临河里,海棠湾一期,119.64㎡,南,2室2厅2卫
整租·琥珀郡 3房间 东南,昌平,西关环岛,琥珀郡,109.06㎡,东南,3房间1卫
整租·天通苑北三区 2室1厅 南/北,昌平,天通苑,天通苑北三区,112.68㎡,南 北,2室1厅1卫
整租·清澄名苑北区 2室1厅 东北,大兴,黄村中,清澄名苑北区,106.78㎡,东北,2室1厅1卫
整租·西军庄 2室1厅 南,朝阳,常营,西军庄,101.00㎡,南,2室1厅1卫
整租·重兴园 2室2厅 南/北,石景山,鲁谷,重兴园,103.70㎡,南 北,2室2厅1卫
整租·翰林庭院 2室2厅 南/北,大兴,黄村火车站,翰林庭院,115.00㎡,南 北,2室2厅1卫
整租·裕隆园 2室1厅 南,丰台,赵公口,裕隆园,103.00㎡,南,2室1厅1卫
整租·东方太阳城 2室2厅 南/北,顺义,顺义其它,东方太阳城,120.00㎡,南 北,2室2厅1卫
整租·天时名苑 2室2厅 西南,通州,通州北苑,天时名苑,100.00㎡,西南,2室2厅1卫
整租·新华联家园北区 2室2厅 南/北,通州,果园,新华联家园北区,102.00㎡,南 北,2室2厅1卫
整租·天时名苑 2室2厅 南/北,通州,通州北苑,天时名苑,107.78㎡,南 北,2室2厅1卫
整租·新华联锦园 2室1厅 南/北,通州,通州北苑,新华联锦园,101.38㎡,南 北,2室1厅2卫
整租·双惠小区 2室1厅 南/北,朝阳,双桥,双惠小区,107.32㎡,南 北,2室1厅1卫
整租·天通苑北二区 2室1厅 东南,昌平,天通苑,天通苑北二区,113.00㎡,东南,2室1厅1卫
整租·流星花园三区 2室1厅 南/北,昌平,回龙观,流星花园三区,101.00㎡,南 北,2室1厅1卫
整租·天通苑东一区 2室1厅 南/北,昌平,天通苑,天通苑东一区,104.16㎡,南 北,2室1厅1卫
整租·天慧园 2室1厅 南/北,昌平,回龙观,天慧园,109.12㎡,南 北,2室1厅1卫
整租·将府锦苑 2室1厅 南,朝阳,朝阳其它,将府锦苑,100.00㎡,南,2室1厅1卫
整租·方安苑 2室1厅 东南,丰台,宋家庄,方安苑,105.78㎡,东南,2室1厅1卫
整租·新光大中心 2室1厅 南,通州,北关,新光大中心,114.39㎡,南,2室1厅1卫
整租·流星花园三区 2室1厅 南/北,昌平,回龙观,流星花园三区,103.00㎡,南 北,2室1厅1卫
整租·朝来绿色家园蕴实园 2室1厅 东北,朝阳,北苑,朝来绿色家园蕴实园,112.18㎡,东北,2室1厅1卫
整租·珠江峰景 2室1厅 东南/西北,丰台,岳各庄,珠江峰景,111.71㎡,东南 西北,2室1厅1卫
整租·珠江峰景 2室1厅 东/南/北,丰台,岳各庄,珠江峰景,117.78㎡,东 南 北,2室1厅1卫
整租·庄维花园 2室1厅 东南,丰台,七里庄,庄维花园,101.00㎡,东南,2室1厅1卫
整租·新里西斯莱公馆 2室2厅 南/北,大兴,高米店,新里西斯莱公馆,102.07㎡,南 北,2室2厅2卫
整租·永定路25号院 2室1厅 南/北,海淀,五棵松,永定路25号院,105.45㎡,南 北,2室1厅1卫
整租·安宁里南区 2室1厅 东/北,海淀,安宁庄,安宁里南区,106.00㎡,东 北,2室1厅1卫
整租·金成府 2室1厅 南,通州,九棵树(家乐福),金成府,109.78㎡,南,2室1厅1卫
整租·怡然家园6号院 2室1厅 南/北,丰台,角门,怡然家园6号院,103.19㎡,南 北,2室1厅1卫
整租·清上园 2室2厅 东南,海淀,安宁庄,清上园,104.39㎡,东南,2室2厅1卫
整租·珠江峰景 2室1厅 东南,丰台,岳各庄,珠江峰景,100.95㎡,东南,2室1厅1卫
整租·金地格林小镇 2室1厅 东/西,亦庄开发区,亦庄,金地格林小镇,112.43㎡,东 西,2室1厅2卫
整租·慧时欣园二期 2室1厅 西,丰台,木樨园,慧时欣园二期,101.00㎡,西,2室1厅1卫
整租·望园东里 2室1厅 西南,丰台,七里庄,望园东里,108.00㎡,西南,2室1厅1卫
整租·北苑家园茉藜园 2室1厅 东南,朝阳,北苑,北苑家园茉藜园,102.00㎡,东南,2室1厅1卫
整租·中水金海 2室1厅 西北,朝阳,石佛营,中水金海,101.00㎡,西北,2室1厅1卫
整租·北苑家园清友园 2室1厅 东南,朝阳,北苑,北苑家园清友园,100.74㎡,东南,2室1厅1卫
整租·庄维多摩市二期 2室1厅 西南,丰台,七里庄,庄维多摩市二期,100.45㎡,西南,2室1厅1卫
整租·美然动力A3区 2室2厅 复式 南/北,朝阳,定福庄,美然动力A3区,120.00㎡,南 北,2室2厅2卫
整租·自然美 2室1厅 南,丰台,木樨园,自然美,108.33㎡,南,2室1厅1卫
整租·北京新天地二期 2室1厅 南,朝阳,常营,北京新天地二期,101.24㎡,南,2室1厅1卫
整租·新龙城 2室1厅 南,昌平,回龙观,新龙城,100.99㎡,南,2室1厅1卫
整租·中海城北区 2室1厅 南,朝阳,成寿寺,中海城北区,104.00㎡,南,2室1厅2卫
整租·百子湾家园一区 2室1厅 南,朝阳,百子湾,百子湾家园一区,102.60㎡,南,2室1厅1卫
整租·北苑家园茉藜园 2室1厅 东南,朝阳,北苑,北苑家园茉藜园,112.00㎡,东南,2室1厅1卫
整租·晨光家园A区 2室1厅 东/北,朝阳,石佛营,晨光家园A区,103.00㎡,东 北,2室1厅1卫
整租·万恒家园 2室1厅 南,丰台,青塔,万恒家园,118.63㎡,南,2室1厅1卫
整租·美然动力A3区 2室1厅 南/北,朝阳,定福庄,美然动力A3区,103.19㎡,南 北,2室1厅1卫
整租·天通苑中苑 2室1厅 南,昌平,天通苑,天通苑中苑,101.08㎡,南,2室1厅1卫
整租·顺驰领海 2室1厅 南/北,大兴,高米店,顺驰领海,109.00㎡,南 北,2室1厅1卫
整租·天通苑北一区 2室1厅 北,昌平,天通苑,天通苑北一区,102.26㎡,北,2室1厅1卫
整租·万方家园 2室1厅 南/北,通州,万达,万方家园,101.00㎡,南 北,2室1厅1卫
整租·流星花园二区 2室1厅 南,昌平,回龙观,流星花园二区,102.36㎡,南,2室1厅1卫
整租·柏林爱乐二期 2室1厅 东/西,朝阳,常营,柏林爱乐二期,101.66㎡,东 西,2室1厅1卫
整租·新里西斯莱公馆 2室1厅 南,大兴,高米店,新里西斯莱公馆,100.00㎡,南,2室1厅1卫
整租·富力又一城B区 2室2厅 西,朝阳,豆各庄,富力又一城B区,104.32㎡,西,2室2厅2卫
整租·金丰园 2室1厅 东,丰台,玉泉营,金丰园,101.31㎡,东,2室1厅1卫
整租·新龙城 2室1厅 南/北,昌平,回龙观,新龙城,101.99㎡,南 北,2室1厅2卫
整租·新里西斯莱公馆 2室1厅 南,大兴,高米店,新里西斯莱公馆,100.01㎡,南,2室1厅2卫
整租·天怡家园 2室1厅 南/北,朝阳,北苑,天怡家园,104.00㎡,南 北,2室1厅1卫
整租·阿曼寓所 2室1厅 东/西,朝阳,高碑店,阿曼寓所,100.79㎡,东 西,2室1厅1卫
整租·航天城小区 2室2厅 南/北,海淀,海淀北部新区,航天城小区,119.00㎡,南 北,2室2厅2卫
整租·金丰园 2室1厅 东,丰台,玉泉营,金丰园,101.00㎡,东,2室1厅1卫
整租·远洋山水 2室1厅 南,石景山,鲁谷,远洋山水,107.52㎡,南,2室1厅1卫
整租·远洋山水 2室1厅 南,石景山,鲁谷,远洋山水,101.73㎡,南,2室1厅1卫
整租·三环新城8号院 2室1厅 南/北,丰台,玉泉营,三环新城8号院,109.00㎡,南 北,2室1厅1卫
整租·天通苑北三区 2室1厅 南,昌平,天通苑,天通苑北三区,110.00㎡,南,2室1厅1卫
整租·远洋山水 2室1厅 东北,石景山,鲁谷,远洋山水,108.00㎡,东北,2室1厅1卫
整租·天通苑北二区 2室1厅 南,昌平,天通苑,天通苑北二区,114.68㎡,南,2室1厅1卫
整租·雍景四季 2室1厅 南/北,石景山,苹果园,雍景四季,111.20㎡,南 北,2室1厅1卫
整租·流星花园二区 2室1厅 北,昌平,回龙观,流星花园二区,102.17㎡,北,2室1厅1卫
整租·西马金润二区 2室2厅 南/北,丰台,马家堡,西马金润二区,120.00㎡,南 北,2室2厅1卫
整租·龙泽苑东区 2室1厅 南,昌平,回龙观,龙泽苑东区,108.00㎡,南,2室1厅1卫
整租·天鑫家园 2室2厅 南/北,昌平,霍营,天鑫家园,105.00㎡,南 北,2室2厅2卫
整租·龙锦苑东三区 2室1厅 南,昌平,霍营,龙锦苑东三区,100.08㎡,南,2室1厅1卫
整租·益明园 2室2厅 南/西/北,丰台,马家堡,益明园,112.00㎡,南 西 北,2室2厅2卫
整租·万象新天一区 2室1厅 南,朝阳,常营,万象新天一区,110.00㎡,南,2室1厅1卫
整租·中海紫金苑 2室1厅 西南/西/北,海淀,紫竹桥,中海紫金苑,118.00㎡,西南 西 北,2室1厅1卫
整租·林奥嘉园 2室1厅 东,朝阳,奥林匹克公园,林奥嘉园,107.00㎡,东,2室1厅1卫
整租·金澳国际 2室1厅 西南,海淀,马甸,金澳国际,110.50㎡,西南,2室1厅1卫
整租·今日家园 2室1厅 东,海淀,五棵松,今日家园,100.85㎡,东,2室1厅1卫
整租·中鑫嘉园 2室1厅 南,海淀,牡丹园,中鑫嘉园,102.00㎡,南,2室1厅1卫
整租·玲珑苑 2室1厅 南,海淀,定慧寺,玲珑苑,107.11㎡,南,2室1厅2卫
整租·柏儒苑 2室1厅 南/北,海淀,学院路,柏儒苑,104.00㎡,南 北,2室1厅1卫
整租·广馨居 2室1厅 东,朝阳,双井,广馨居,107.00㎡,东,2室1厅1卫
整租·望京新城 2室2厅 南,朝阳,望京,望京新城,102.87㎡,南,2室2厅1卫
整租·望京新城 2室1厅 南,朝阳,望京,望京新城,106.00㎡,南,2室1厅1卫
整租·火星园 2室1厅 南/北,朝阳,太阳宫,火星园,106.00㎡,南 北,2室1厅1卫
整租·远洋山水 2室1厅 南,石景山,鲁谷,远洋山水,105.12㎡,南,2室1厅1卫
整租·富力城D区 2室2厅 南,朝阳,双井,富力城D区,104.00㎡,南,2室2厅2卫
整租·卧龙小区 2室2厅 南/北,朝阳,亚运村,卧龙小区,101.00㎡,南 北,2室2厅1卫
整租·石韵浩庭 2室1厅 南/北,朝阳,大望路,石韵浩庭,105.00㎡,南 北,2室1厅2卫
整租·万科星园 2室1厅 东南,朝阳,奥林匹克公园,万科星园,107.03㎡,东南,2室1厅1卫
整租·舒至嘉园 2室1厅 南,海淀,西直门,舒至嘉园,120.00㎡,南,2室1厅2卫
整租·格调小区 2室2厅 西南/西,西城,马连道,格调小区,104.72㎡,西南 西,2室2厅1卫
整租·珠江绿洲 2室2厅 西南/东北,朝阳,双桥,珠江绿洲,108.00㎡,西南 东北,2室2厅1卫
整租·永泰园新地标 2室1厅 南,海淀,清河,永泰园新地标,115.00㎡,南,2室1厅1卫
整租·文成杰座 2室1厅 南,海淀,学院路,文成杰座,106.00㎡,南,2室1厅2卫
整租·芳群园三区 2室1厅 南,丰台,方庄,芳群园三区,100.41㎡,南,2室1厅1卫
整租·花市枣苑二期 2室1厅 西,东城,东花市,花市枣苑二期,111.00㎡,西,2室1厅2卫
整租·融科橄榄城二期 2室1厅 南,朝阳,望京,融科橄榄城二期,101.00㎡,南,2室1厅1卫
整租·望京花园东区 2室1厅 东北,朝阳,望京,望京花园东区,101.97㎡,东北,2室1厅1卫
整租·方舟苑一期 2室1厅 东南,朝阳,望京,方舟苑一期,116.42㎡,东南,2室1厅1卫
整租·石韵浩庭 2室2厅 南/北,朝阳,大望路,石韵浩庭,105.29㎡,南 北,2室2厅2卫
整租·宣海家园 2室1厅 南,海淀,上地,宣海家园,110.00㎡,南,2室1厅1卫
整租·新龙城 2室1厅 南,昌平,回龙观,新龙城,100.99㎡,南,2室1厅1卫
整租·百子湾家园一区 2室1厅 南,朝阳,百子湾,百子湾家园一区,102.60㎡,南,2室1厅1卫
整租·中海城北区 2室1厅 南,朝阳,成寿寺,中海城北区,104.00㎡,南,2室1厅2卫
整租·北苑家园茉藜园 2室1厅 东南,朝阳,北苑,北苑家园茉藜园,112.00㎡,东南,2室1厅1卫
整租·龙腾苑六区 2室1厅 南/北,昌平,回龙观,龙腾苑六区,106.70㎡,南 北,2室1厅1卫
整租·慧时欣园二期 2室1厅 南,丰台,木樨园,慧时欣园二期,108.98㎡,南,2室1厅1卫
整租·阳光花园 2室1厅 南/北,丰台,角门,阳光花园,101.32㎡,南 北,2室1厅2卫
整租·永泰园新地标 2室1厅 东/北,海淀,清河,永泰园新地标,115.04㎡,东 北,2室1厅1卫
整租·上海沙龙 2室1厅 南/北,亦庄开发区,亦庄,上海沙龙,105.00㎡,南 北,2室1厅2卫
整租·一幅画卷 2室1厅 南,亦庄开发区,亦庄,一幅画卷,108.00㎡,南,2室1厅2卫
整租·柏林爱乐二期 2室1厅 东/西,朝阳,常营,柏林爱乐二期,100.00㎡,东 西,2室1厅2卫
整租·远洋山水 2室2厅 东北,石景山,鲁谷,远洋山水,111.92㎡,东北,2室2厅1卫
整租·兴隆家园 2室1厅 西,朝阳,高碑店,兴隆家园,105.00㎡,西,2室1厅2卫
整租·流星花园三区 2室1厅 南/北,昌平,回龙观,流星花园三区,100.42㎡,南 北,2室1厅1卫
整租·政馨园一区 2室1厅 东/南,丰台,宋家庄,政馨园一区,105.00㎡,东 南,2室1厅1卫
整租·会展誉景 3房间 东/北,顺义,中央别墅区,会展誉景,100.00㎡,东 北,3房间1卫
整租·春园 2室1厅 西南,丰台,青塔,春园,100.00㎡,西南,2室1厅1卫
整租·龙泽苑西区 2室1厅 东/南,昌平,回龙观,龙泽苑西区,109.41㎡,东 南,2室1厅1卫
整租·北京经开芯中心 3房间 南,亦庄开发区,亦庄,北京经开芯中心,120.00㎡,南,3房间1卫
整租·龙湖香醍漫步四区南区 2室2厅 南/北,顺义,马坡,龙湖香醍漫步四区南区,105.06㎡,南 北,2室2厅1卫
整租·流星花园三区 2室1厅 南/北,昌平,回龙观,流星花园三区,100.00㎡,南 北,2室1厅1卫
整租·清澄名苑北区 2室1厅 东/北,大兴,黄村中,清澄名苑北区,107.00㎡,东 北,2室1厅1卫
整租·知本时代 2室1厅 西南,海淀,西三旗,知本时代,100.00㎡,西南,2室1厅1卫
整租·流星花园三区 2室1厅 南/北,昌平,回龙观,流星花园三区,101.00㎡,南 北,2室1厅1卫
整租·远洋山水 2室2厅 南,石景山,鲁谷,远洋山水,100.85㎡,南,2室2厅1卫
整租·朝阳旺角 2室1厅 南,朝阳,双桥,朝阳旺角,111.58㎡,南,2室1厅2卫
整租·绿地海珀云翡 2室1厅 南/北,大兴,大兴其它,绿地海珀云翡,102.00㎡,南 北,2室1厅2卫
整租·远洋自然 2室1厅 南,丰台,大红门,远洋自然,100.28㎡,南,2室1厅1卫
整租·百子湾家园三区 2室2厅 东南/北,朝阳,百子湾,百子湾家园三区,114.03㎡,东南 北,2室2厅1卫
整租·春华屋 2室1厅 东/西,亦庄开发区,亦庄,春华屋,104.00㎡,东 西,2室1厅1卫
整租·华源新第 2室1厅 西北,丰台,太平桥,华源新第,103.00㎡,西北,2室1厅1卫
整租·万润家园 2室1厅 南,昌平,回龙观,万润家园,103.06㎡,南,2室1厅1卫
整租·名都家苑 2室1厅 南/北,丰台,马家堡,名都家苑,117.00㎡,南 北,2室1厅2卫
整租·京旺家园 2室1厅 南,朝阳,中央别墅区,京旺家园,107.44㎡,南,2室1厅1卫
整租·宝盛北里 2室1厅 南/北,海淀,清河,宝盛北里,100.88㎡,南 北,2室1厅1卫
整租·同仁园 2室1厅 南,丰台,刘家窑,同仁园,100.79㎡,南,2室1厅1卫
整租·天通苑北二区 2室1厅 南/北,昌平,天通苑,天通苑北二区,115.00㎡,南 北,2室1厅1卫
整租·柏林爱乐二期 2室1厅 东,朝阳,常营,柏林爱乐二期,101.00㎡,东,2室1厅1卫
整租·建工家园 2室1厅 南,朝阳,十里河,建工家园,107.00㎡,南,2室1厅1卫
整租·富源里 2室1厅 南,亦庄开发区,亦庄,富源里,120.00㎡,南,2室1厅1卫
整租·国美第一城3号院 2室1厅 西南,朝阳,朝青,国美第一城3号院,102.00㎡,西南,2室1厅1卫
整租·星河城西区 2室1厅 东南,丰台,马家堡,星河城西区,102.92㎡,东南,2室1厅1卫
整租·天天家园 2室1厅 南/西,东城,永定门,天天家园,102.60㎡,南 西,2室1厅1卫
整租·天通西苑一区 2室1厅 南,昌平,天通苑,天通西苑一区,112.48㎡,南,2室1厅1卫
整租·天通西苑三区 2室1厅 南,昌平,天通苑,天通西苑三区,114.00㎡,南,2室1厅1卫
整租·怡清园 2室1厅 西北,海淀,清河,怡清园,104.00㎡,西北,2室1厅1卫
整租·流星花园三区 2室2厅 南/北,昌平,回龙观,流星花园三区,109.99㎡,南 北,2室2厅2卫
整租·新康家园 2室1厅 东,亦庄开发区,亦庄,新康家园,102.34㎡,东,2室1厅1卫
整租·拂林园 2室1厅 西南,朝阳,奥林匹克公园,拂林园,101.00㎡,西南,2室1厅1卫
整租·百子湾家园三区 2室1厅 南,朝阳,百子湾,百子湾家园三区,101.02㎡,南,2室1厅1卫
整租·建邦枫景 2室1厅 南/北,丰台,青塔,建邦枫景,108.00㎡,南 北,2室1厅2卫
整租·中海城香克林 2室1厅 东,朝阳,成寿寺,中海城香克林,102.04㎡,东,2室1厅1卫
整租·三环新城7号院 2室2厅 南,丰台,玉泉营,三环新城7号院,102.77㎡,南,2室2厅1卫
整租·万恒家园 2室1厅 南,丰台,青塔,万恒家园,118.63㎡,南,2室1厅1卫
整租·珠江峰景 2室1厅 东南,丰台,岳各庄,珠江峰景,113.85㎡,东南,2室1厅1卫
整租·天通苑中苑 2室1厅 南,昌平,天通苑,天通苑中苑,101.08㎡,南,2室1厅1卫
整租·新龙城 2室1厅 南/北,昌平,回龙观,新龙城,102.00㎡,南 北,2室1厅2卫
整租·华富丽苑 2室1厅 南,丰台,青塔,华富丽苑,100.02㎡,南,2室1厅1卫
整租·奈伦熙府 2室1厅 西北,石景山,杨庄,奈伦熙府,104.00㎡,西北,2室1厅1卫
整租·沁春家园 2室1厅 南,海淀,西三旗,沁春家园,105.26㎡,南,2室1厅1卫
整租·宝盛北里 2室1厅 南/北,海淀,清河,宝盛北里,119.00㎡,南 北,2室1厅2卫
整租·天鸿美域 2室1厅 南,丰台,青塔,天鸿美域,114.99㎡,南,2室1厅1卫
整租·望园东里 2室1厅 东南,丰台,七里庄,望园东里,107.54㎡,东南,2室1厅1卫
整租·瑞都国际北区 2室1厅 南,通州,九棵树(家乐福),瑞都国际北区,107.80㎡,南,2室1厅1卫
整租·水木天成 2室1厅 东南,海淀,清河,水木天成,106.83㎡,东南,2室1厅1卫
整租·日月东华 2室1厅 东,朝阳,石佛营,日月东华,101.57㎡,东,2室1厅1卫
整租·龙锦苑东二区 2室1厅 南/北,昌平,霍营,龙锦苑东二区,100.00㎡,南 北,2室1厅1卫
整租·金顶街二区 2室1厅 南,石景山,苹果园,金顶街二区,101.76㎡,南,2室1厅1卫
整租·西军庄 2室2厅 南/北,朝阳,常营,西军庄,101.00㎡,南 北,2室2厅1卫
整租·民岳家园 2室1厅 西,丰台,岳各庄,民岳家园,104.05㎡,西,2室1厅1卫
整租·和枫雅居 2室2厅 东南,石景山,杨庄,和枫雅居,102.92㎡,东南,2室2厅1卫
整租·百合湾东区 2室1厅 南,通州,武夷花园,百合湾东区,111.66㎡,南,2室1厅1卫
整租·北苑家园茉藜园 2室1厅 东南/北,朝阳,北苑,北苑家园茉藜园,105.15㎡,东南 北,2室1厅1卫
整租·金丰园 2室1厅 东,丰台,玉泉营,金丰园,101.00㎡,东,2室1厅1卫
整租·田园风光雅苑 2室1厅 南/北,昌平,回龙观,田园风光雅苑,112.13㎡,南 北,2室1厅2卫
整租·澐澐国际 2室1厅 东,海淀,六里桥,澐澐国际,101.72㎡,东,2室1厅1卫
整租·颐丰庄园 2室1厅 南/北,海淀,海淀北部新区,颐丰庄园,110.00㎡,南 北,2室1厅1卫
整租·龙泽苑东区 2室1厅 南,昌平,回龙观,龙泽苑东区,108.00㎡,南,2室1厅1卫
整租·长安新城 2室1厅 南/北,丰台,青塔,长安新城,115.00㎡,南 北,2室1厅2卫
整租·益星园 2室2厅 东/南/北,丰台,马家堡,益星园,108.00㎡,东 南 北,2室2厅1卫
整租·新龙城 2室1厅 南/北,昌平,回龙观,新龙城,110.00㎡,南 北,2室1厅1卫
整租·流星花园二区 2室1厅 北,昌平,回龙观,流星花园二区,102.17㎡,北,2室1厅1卫
整租·沁春家园 2室1厅 南/北,海淀,西三旗,沁春家园,102.31㎡,南 北,2室1厅1卫
整租·紫金新干线 2室1厅 南,昌平,霍营,紫金新干线,106.96㎡,南,2室1厅1卫
整租·天慧园 2室1厅 南/北,昌平,回龙观,天慧园,109.12㎡,南 北,2室1厅1卫
整租·天通苑东一区 2室1厅 北,昌平,天通苑,天通苑东一区,106.57㎡,北,2室1厅1卫
整租·京汉旭城 2室2厅 南/北,石景山,鲁谷,京汉旭城,117.07㎡,南 北,2室2厅2卫
整租·龙腾苑二区 2室1厅 南,昌平,回龙观,龙腾苑二区,102.00㎡,南,2室1厅1卫
整租·北京新天地二期 2室1厅 南,朝阳,常营,北京新天地二期,100.00㎡,南,2室1厅1卫
整租·将府锦苑 2室1厅 南,朝阳,朝阳其它,将府锦苑,100.00㎡,南,2室1厅1卫
整租·北苑家园望春园 2室1厅 西北,朝阳,北苑,北苑家园望春园,104.00㎡,西北,2室1厅1卫
整租·天通苑中苑 2室1厅 南,昌平,天通苑,天通苑中苑,103.00㎡,南,2室1厅1卫
整租·新龙城 2室1厅 南/北,昌平,回龙观,新龙城,100.00㎡,南 北,2室1厅1卫
整租·新华联家园北区 2室1厅 南,通州,果园,新华联家园北区,107.70㎡,南,2室1厅1卫
整租·雍景四季 2室2厅 东北,石景山,苹果园,雍景四季,103.15㎡,东北,2室2厅1卫
整租·龙腾苑二区 2室1厅 南,昌平,回龙观,龙腾苑二区,101.97㎡,南,2室1厅1卫
整租·雅成一里 2室1厅 南,朝阳,朝青,雅成一里,101.45㎡,南,2室1厅1卫
整租·天鸿美域 2室1厅 南,丰台,青塔,天鸿美域,114.99㎡,南,2室1厅1卫
整租·珠江骏景北区 2室1厅 东/西,丰台,大红门,珠江骏景北区,110.71㎡,东 西,2室1厅1卫
整租·知本时代 2室1厅 南,海淀,西三旗,知本时代,100.48㎡,南,2室1厅1卫
整租·星岛假日 2室1厅 南/北,亦庄开发区,亦庄,星岛假日,104.00㎡,南 北,2室1厅1卫
整租·华富丽苑 2室1厅 南,丰台,青塔,华富丽苑,100.02㎡,南,2室1厅1卫
整租·丽泽景园 2室1厅 南/北,丰台,丽泽,丽泽景园,110.00㎡,南 北,2室1厅2卫
整租·瑞都国际北区 2室1厅 南,通州,九棵树(家乐福),瑞都国际北区,107.80㎡,南,2室1厅1卫
整租·世纪东方城 2室2厅 南,朝阳,欢乐谷,世纪东方城,108.90㎡,南,2室2厅2卫
整租·三环新城6号院 2室1厅 南,丰台,玉泉营,三环新城6号院,105.60㎡,南,2室1厅1卫
整租·天天家园 2室1厅 东/西,东城,永定门,天天家园,102.00㎡,东 西,2室1厅1卫
整租·新龙城 2室1厅 南,昌平,回龙观,新龙城,103.77㎡,南,2室1厅1卫
整租·龙腾苑六区 2室1厅 南/北,昌平,回龙观,龙腾苑六区,102.00㎡,南 北,2室1厅1卫
整租·云趣园二区 2室1厅 南/北,昌平,回龙观,云趣园二区,105.00㎡,南 北,2室1厅1卫
整租·远洋山水 2室1厅 东北,石景山,鲁谷,远洋山水,107.97㎡,东北,2室1厅1卫
整租·北苑家园绣菊园南区 2室1厅 西南,朝阳,北苑,北苑家园绣菊园南区,103.64㎡,西南,2室1厅1卫
整租·天通西苑三区 2室1厅 西南,昌平,天通苑,天通西苑三区,117.78㎡,西南,2室1厅1卫
整租·龙锦苑东二区 2室1厅 南,昌平,霍营,龙锦苑东二区,101.13㎡,南,2室1厅1卫
整租·天伦锦城 2室2厅 南/北,丰台,花乡,天伦锦城,113.00㎡,南 北,2室2厅1卫
整租·新康家园 2室1厅 东,亦庄开发区,亦庄,新康家园,102.34㎡,东,2室1厅1卫
整租·天通苑中苑 2室1厅 南/北,昌平,天通苑,天通苑中苑,114.33㎡,南 北,2室1厅2卫
整租·建工家园 2室1厅 南,朝阳,十里河,建工家园,103.00㎡,南,2室1厅1卫
整租·宝盛北里 2室1厅 南/北,海淀,清河,宝盛北里,119.00㎡,南 北,2室1厅2卫
整租·民岳家园 2室1厅 西,丰台,岳各庄,民岳家园,104.05㎡,西,2室1厅1卫
整租·上营东区 2室1厅 南/北,密云,鼓楼街道,上营东区,121.84㎡,南 北,2室1厅2卫
独栋·回家理想乡 极客丛林二期 天通苑主题房 2室1厅,,,,12.00-140.00㎡,,2室1厅2卫
整租·恒大未来城 3室1厅 复式 南,大兴,义和庄,恒大未来城,33.76㎡,南,3室1厅3卫
整租·南华园四区 3室1厅 南/北,怀柔,怀柔,南华园四区,80.00㎡,南 北,3室1厅1卫
整租·龙湖花园 3室1厅 南/北,怀柔,怀柔,龙湖花园,76.76㎡,南 北,3室1厅1卫
整租·于家园二区北院 3室1厅 南/北,怀柔,怀柔,于家园二区北院,74.08㎡,南 北,3室1厅1卫
整租·金台园 3室1厅 南/北,怀柔,怀柔,金台园,72.94㎡,南 北,3室1厅1卫
整租·宜春里 3室1厅 南/北,房山,良乡,宜春里,78.26㎡,南 北,3室1厅1卫
整租·小中富乐二区 3室1厅 南/北,怀柔,怀柔,小中富乐二区,74.89㎡,南 北,3室1厅1卫
整租·龙湖花园 3室1厅 南/北,怀柔,怀柔,龙湖花园,74.95㎡,南 北,3室1厅1卫
整租·于家园三区 3室1厅 南/北,怀柔,怀柔,于家园三区,77.28㎡,南 北,3室1厅1卫
整租·北京城建北京密码 4房间 复式 东南,大兴,大兴其它,北京城建北京密码,62.06㎡,东南,4房间1卫
整租·天恒旭辉7号院 4房间 南,大兴,大兴新机场,天恒旭辉7号院,67.86㎡,南,4房间2卫
整租·北京城建北京密码 4房间 复式 南/北,大兴,大兴其它,北京城建北京密码,69.00㎡,南 北,4房间1卫
整租·建设二里 3室1厅 南/北,丰台,丰台其它,建设二里,64.60㎡,南 北,3室1厅1卫
整租·青春路一院 3室1厅 东/西,怀柔,怀柔,青春路一院,60.00㎡,东 西,3室1厅1卫
整租·东关二区小区 3室1厅 南/北,怀柔,怀柔,东关二区小区,80.00㎡,南 北,3室1厅1卫
整租·府前东街九院 3室1厅 东/南/北,怀柔,怀柔,府前东街九院,71.36㎡,东 南 北,3室1厅1卫
整租·西潞园一里 3室1厅 南/北,房山,良乡,西潞园一里,74.00㎡,南 北,3室1厅1卫
整租·西潞园一里 3室1厅 南/北,房山,良乡,西潞园一里,77.23㎡,南 北,3室1厅1卫
整租·后横街小区 3室1厅 南/北,怀柔,怀柔,后横街小区,71.53㎡,南 北,3室1厅1卫
整租·红星养鸡场宿舍楼 3室1厅 东/西,大兴,大兴其它,红星养鸡场宿舍楼,71.12㎡,东 西,3室1厅1卫
整租·聪慧里 3室1厅 南/北,房山,良乡,聪慧里,75.21㎡,南 北,3室1厅1卫
整租·青春苑西区 3室1厅 南/北,怀柔,怀柔,青春苑西区,79.45㎡,南 北,3室1厅1卫
整租·西潞园二里 3室1厅 西/北,房山,良乡,西潞园二里,72.20㎡,西 北,3室1厅1卫
整租·建新北区 3室1厅 东/南/北,顺义,顺义城,建新北区,63.75㎡,东 南 北,3室1厅1卫
整租·和义东里三区 3室1厅 南/北,丰台,和义,和义东里三区,78.00㎡,南 北,3室1厅1卫
整租·万科天地 4房间 LOFT 南,大兴,义和庄,万科天地,60.23㎡,南,4房间2卫
整租·保利首开熙悦春天 3室1厅 东/南/北,大兴,天宫院,保利首开熙悦春天,71.66㎡,东 南 北,3室1厅1卫
整租·万科天地 3室1厅 南,大兴,义和庄,万科天地,60.00㎡,南,3室1厅2卫
整租·达富苑 3室1厅 南/北,通州,果园,达富苑,80.00㎡,南 北,3室1厅2卫
整租·万科天地 3室1厅 复式 南,大兴,义和庄,万科天地,60.32㎡,南,3室1厅2卫
整租·北街家园六区 3室1厅 南/北,昌平,沙河,北街家园六区,77.70㎡,南 北,3室1厅1卫
整租·万科天地 3室1厅 东,大兴,义和庄,万科天地,80.00㎡,东,3室1厅2卫
整租·大红门东前街甲27号 3室1厅 南,丰台,赵公口,大红门东前街甲27号,76.29㎡,南,3室1厅1卫
整租·旭辉26街区 4房间 南,顺义,顺义其它,旭辉26街区,63.99㎡,南,4房间2卫
整租·洋桥北里 3室1厅 南/北,丰台,洋桥,洋桥北里,73.62㎡,南 北,3室1厅1卫
整租·旭辉26街区 3室1厅 复式 南,顺义,顺义其它,旭辉26街区,62.02㎡,南,3室1厅2卫
整租·水关新村 3室1厅 南/北,昌平,东关,水关新村,75.20㎡,南 北,3室1厅1卫
整租·兴政东里 3室1厅 南/北,大兴,黄村中,兴政东里,77.81㎡,南 北,3室1厅1卫
整租·金顶街四区 3室1厅 南/北,石景山,苹果园,金顶街四区,65.00㎡,南 北,3室1厅1卫
整租·绿地诺亚方舟 4房间 南,房山,良乡,绿地诺亚方舟,62.28㎡,南,4房间2卫
整租·保利首开熙悦春天 3室1厅 西南/北,大兴,天宫院,保利首开熙悦春天,71.27㎡,西南 北,3室1厅1卫
整租·旭辉26街区 3室1厅 复式 南,顺义,顺义其它,旭辉26街区,63.99㎡,南,3室1厅2卫
整租·三间房东路 3室1厅 南/北,朝阳,定福庄,三间房东路,60.00㎡,南 北,3室1厅1卫
整租·后南仓 3室1厅 南/北,通州,万达,后南仓,68.00㎡,南 北,3室1厅1卫
整租·科研楼 3室1厅 南/北,石景山,苹果园,科研楼,74.00㎡,南 北,3室1厅1卫
整租·泰禾中央广场 3室1厅 复式 东北,大兴,黄村火车站,泰禾中央广场,74.94㎡,东北,3室1厅1卫
整租·珠江四季悦城 4房间 南/北,通州,通州其它,珠江四季悦城,65.00㎡,南 北,4房间1卫
整租·恒大未来城 3室1厅 LOFT 南,大兴,义和庄,恒大未来城,64.44㎡,南,3室1厅2卫
整租·日化二厂宿舍 3室1厅 南/北,通州,武夷花园,日化二厂宿舍,70.52㎡,南 北,3室1厅1卫
整租·万科天地 3室1厅 南,大兴,义和庄,万科天地,60.23㎡,南,3室1厅2卫
整租·旭辉26街区 4房间 南/北,顺义,顺义其它,旭辉26街区,61.00㎡,南 北,4房间2卫
整租·泰禾中央广场 3室1厅 LOFT 南,大兴,黄村火车站,泰禾中央广场,62.08㎡,南,3室1厅1卫
整租·北街家园六区 3室1厅 南/北,昌平,沙河,北街家园六区,77.00㎡,南 北,3室1厅1卫
整租·首开国风美仑 3室1厅 南,通州,通州其它,首开国风美仑,75.00㎡,南,3室1厅2卫
整租·康庄路9号院 3室1厅 南/北,大兴,高米店,康庄路9号院,79.42㎡,南 北,3室1厅1卫
整租·万科天地 3室1厅 LOFT 南,大兴,义和庄,万科天地,60.32㎡,南,3室1厅2卫
整租·祖家庄小区 3室1厅 南,丰台,右安门外,祖家庄小区,69.78㎡,南,3室1厅1卫
整租·万科天地 3室1厅 LOFT 东,大兴,义和庄,万科天地,60.32㎡,东,3室1厅2卫
整租·北街家园一区 3室1厅 南/北,昌平,沙河,北街家园一区,78.00㎡,南 北,3室1厅1卫
整租·万科天地 3室1厅 复式 西,大兴,义和庄,万科天地,60.32㎡,西,3室1厅2卫
整租·和平西街 3室1厅 南/北,朝阳,和平里,和平西街,71.58㎡,南 北,3室1厅1卫
整租·万科天地 3室1厅 复式 东,大兴,义和庄,万科天地,60.00㎡,东,3室1厅2卫
整租·和义东里二区 3室1厅 南/北,丰台,和义,和义东里二区,70.00㎡,南 北,3室1厅1卫
整租·万科天地 3室1厅 南,大兴,义和庄,万科天地,60.32㎡,南,3室1厅2卫
整租·康宜家园南区 3室1厅 南/北,大兴,枣园,康宜家园南区,74.51㎡,南 北,3室1厅1卫
整租·万科天地 3室1厅 复式 西,大兴,义和庄,万科天地,60.32㎡,西,3室1厅2卫
整租·观音寺北里 3室1厅 南/北,大兴,观音寺,观音寺北里,80.00㎡,南 北,3室1厅1卫
整租·万科天地 4房间 南,大兴,义和庄,万科天地,60.32㎡,南,4房间2卫
整租·车站中里 3室1厅 南/北,大兴,黄村火车站,车站中里,70.00㎡,南 北,3室1厅1卫
整租·大井北里 3室1厅 南/北,丰台,岳各庄,大井北里,64.40㎡,南 北,3室1厅1卫
整租·京贸家园 3室1厅 南/北,通州,武夷花园,京贸家园,74.10㎡,南 北,3室1厅1卫
整租·万科天地 4房间 复式 东,大兴,义和庄,万科天地,60.32㎡,东,4房间2卫
整租·西辛南区 3室0厅 南/北,顺义,顺义城,西辛南区,79.06㎡,南 北,3室0厅1卫
整租·保利首开熙悦春天 3室1厅 东南,大兴,天宫院,保利首开熙悦春天,71.00㎡,东南,3室1厅1卫
整租·紫金新园二区 3室1厅 南,门头沟,石门营,紫金新园二区,65.00㎡,南,3室1厅1卫
整租·万科天地 4房间 南,大兴,义和庄,万科天地,60.32㎡,南,4房间2卫
整租·八角北路 3室1厅 南/北,石景山,八角,八角北路,68.41㎡,南 北,3室1厅1卫
整租·万科天地 3室1厅 南,大兴,义和庄,万科天地,60.10㎡,南,3室1厅2卫
整租·马家堡东路29号院 3室1厅 东南/北,丰台,洋桥,马家堡东路29号院,66.00㎡,东南 北,3室1厅1卫
整租·万科天地 3室1厅 西,大兴,义和庄,万科天地,60.32㎡,西,3室1厅2卫
整租·和义西里二区 3室1厅 南/北,丰台,和义,和义西里二区,80.00㎡,南 北,3室1厅1卫
整租·万科天地 3室1厅 复式 南,大兴,义和庄,万科天地,60.10㎡,南,3室1厅2卫
整租·帅府园 3室1厅 南/北,通州,万达,帅府园,78.87㎡,南 北,3室1厅1卫
整租·万科天地 3室1厅 复式 南,大兴,义和庄,万科天地,60.10㎡,南,3室1厅2卫
整租·玉桥北里 3室1厅 南/北,通州,乔庄,玉桥北里,74.00㎡,南 北,3室1厅1卫
整租·FCC中央城 4房间 西北,房山,长阳,FCC中央城,80.00㎡,西北,4房间1卫
整租·天恒世界集 4房间 南,大兴,高米店,天恒世界集,74.00㎡,南,4房间2卫
整租·梨园东里 3室1厅 东/南/北,通州,梨园,梨园东里,78.85㎡,东 南 北,3室1厅1卫
整租·六营门小区 3室1厅 南/北,丰台,万源,六营门小区,73.10㎡,南 北,3室1厅1卫
整租·和义东里一区 3室1厅 南/北,丰台,和义,和义东里一区,78.00㎡,南 北,3室1厅1卫
整租·煤炭公司家属楼 3室1厅 南/北,顺义,顺义城,煤炭公司家属楼,80.00㎡,南 北,3室1厅1卫
整租·波普公社 4房间 东,大兴,枣园,波普公社,67.00㎡,东,4房间1卫
整租·五和万科长阳天地 4房间 东南,房山,长阳,五和万科长阳天地,79.00㎡,东南,4房间2卫
整租·南苑北里三区 3室1厅 南/北,丰台,和义,南苑北里三区,75.00㎡,南 北,3室1厅1卫
整租·国门智慧城 4房间 南,顺义,后沙峪,国门智慧城,66.16㎡,南,4房间2卫
整租·新华联家园南区 3室1厅 跃层 南/北,通州,果园,新华联家园南区,68.04㎡,南 北,3室1厅1卫
整租·北京城建上悦居 3室1厅 南,门头沟,冯村,北京城建上悦居,80.00㎡,南,3室1厅1卫
整租·北街家园六区 3室1厅 东/西,昌平,沙河,北街家园六区,78.03㎡,东 西,3室1厅1卫
整租·观音寺南里 3室1厅 南/北,大兴,观音寺,观音寺南里,80.00㎡,南 北,3室1厅1卫
整租·鸿坤七星长安 4房间 南,门头沟,滨河西区,鸿坤七星长安,77.00㎡,南,4房间1卫
整租·珠光逸景二期 3室2厅 复式 南/北,丰台,丰台其它,珠光逸景二期,74.58㎡,南 北,3室2厅2卫
整租·天恒旭辉7号院 4房间 东/西/北,大兴,大兴新机场,天恒旭辉7号院,75.00㎡,东 西 北,4房间2卫
整租·黄村西里 3室1厅 南/北,大兴,黄村中,黄村西里,77.00㎡,南 北,3室1厅1卫
整租·义宾北区 3室1厅 南/北,顺义,顺义城,义宾北区,71.00㎡,南 北,3室1厅1卫
整租·中国铁建顺鑫汇 4房间 南,顺义,顺义其它,中国铁建顺鑫汇,65.48㎡,南,4房间2卫
整租·南竺园 3室1厅 南/北,顺义,首都机场,南竺园,80.00㎡,南 北,3室1厅1卫
整租·西潞园二里 3室1厅 南/北,房山,良乡,西潞园二里,80.00㎡,南 北,3室1厅1卫
整租·富乐大街 3室1厅 南/北,怀柔,怀柔,富乐大街,69.00㎡,南 北,3室1厅1卫
整租·结研所家属院 3室1厅 南/北,通州,北关,结研所家属院,80.00㎡,南 北,3室1厅1卫
整租·东亚印象台湖 3室1厅 南/北,通州,通州其它,东亚印象台湖,78.00㎡,南 北,3室1厅1卫
整租·恒大滨河左岸 3室1厅 南/北,房山,良乡,恒大滨河左岸,80.00㎡,南 北,3室1厅1卫
整租·五里店南里 3室1厅 南/北,丰台,五里店,五里店南里,70.00㎡,南 北,3室1厅1卫
整租·观音寺南里 3室1厅 南/西,大兴,观音寺,观音寺南里,79.24㎡,南 西,3室1厅1卫
整租·i立方 4房间 南,大兴,大兴其它,i立方,73.66㎡,南,4房间1卫
整租·丰西北里 3室1厅 南/北,丰台,五里店,丰西北里,68.64㎡,南 北,3室1厅1卫
整租·南平里 3室1厅 南/北,朝阳,首都机场,南平里,76.00㎡,南 北,3室1厅1卫
整租·如意园 3室1厅 南/北,通州,万达,如意园,78.55㎡,南 北,3室1厅1卫
整租·建新北区 3室1厅 南/北,顺义,顺义城,建新北区,71.14㎡,南 北,3室1厅1卫
整租·潞苑南大街88号院 3室2厅 南/北,通州,潞苑,潞苑南大街88号院,73.19㎡,南 北,3室2厅1卫
整租·旭辉26街区 4房间 南/北,顺义,顺义其它,旭辉26街区,60.00㎡,南 北,4房间2卫
整租·IN北京 4房间 南,通州,通州其它,IN北京,78.17㎡,南,4房间2卫
整租·旭辉26街区 3室2厅 南/东北,顺义,顺义其它,旭辉26街区,62.60㎡,南 东北,3室2厅2卫
整租·珠江四季悦城 4房间 西南,通州,通州其它,珠江四季悦城,65.00㎡,西南,4房间1卫
整租·枣园北里 3室1厅 南/北,大兴,枣园,枣园北里,80.00㎡,南 北,3室1厅2卫
整租·绿地诺亚方舟 4房间 南,房山,良乡,绿地诺亚方舟,62.28㎡,南,4房间2卫
整租·保利首开熙悦春天 3室1厅 西南/北,大兴,天宫院,保利首开熙悦春天,71.27㎡,西南 北,3室1厅1卫
整租·三间房东路 3室1厅 南/北,朝阳,定福庄,三间房东路,60.00㎡,南 北,3室1厅1卫
整租·旭辉26街区 4房间 南/北,顺义,顺义其它,旭辉26街区,61.00㎡,南 北,4房间2卫
整租·旭辉26街区 3室1厅 南,顺义,顺义其它,旭辉26街区,60.00㎡,南,3室1厅2卫
整租·首开万科台湖新城V公馆 4房间 西北,通州,通州其它,首开万科台湖新城V公馆,61.26㎡,西北,4房间2卫
整租·潞苑南大街88号院 3室1厅 南/北,通州,潞苑,潞苑南大街88号院,73.79㎡,南 北,3室1厅1卫
整租·IN北京 3室1厅 西,通州,通州其它,IN北京,80.00㎡,西,3室1厅2卫
整租·建新北区 3室1厅 南/北,顺义,顺义城,建新北区,60.00㎡,南 北,3室1厅1卫
整租·葛布店北里 3室1厅 南/北,通州,果园,葛布店北里,72.00㎡,南 北,3室1厅1卫
整租·空港吉祥花园 3室0厅 南,顺义,后沙峪,空港吉祥花园,69.71㎡,南,3室0厅1卫
整租·首开国风美仑 3室1厅 南,通州,通州其它,首开国风美仑,75.00㎡,南,3室1厅2卫
整租·北京苏活二区 4房间 南/北,顺义,顺义其它,北京苏活二区,66.15㎡,南 北,4房间2卫
整租·金地未未来 4房间 南,顺义,顺义其它,金地未未来,73.65㎡,南,4房间2卫
整租·华远西红世商业 4房间 南,大兴,高米店,华远西红世商业,62.49㎡,南,4房间1卫
整租·半岛金街 4房间 西南,房山,长阳,半岛金街,80.00㎡,西南,4房间1卫
整租·东高地 3室1厅 南/北,丰台,万源,东高地,68.00㎡,南 北,3室1厅1卫
整租·首开万科城市之光盛佳尚苑 4房间 复式 西,通州,通州其它,首开万科城市之光盛佳尚苑,60.16㎡,西,4房间2卫
整租·珠江四季悦城 4房间 南/北,通州,通州其它,珠江四季悦城,65.00㎡,南 北,4房间1卫
整租·后南仓 3室1厅 南/北,通州,万达,后南仓,68.00㎡,南 北,3室1厅1卫
整租·科研楼 3室1厅 南/北,石景山,苹果园,科研楼,74.00㎡,南 北,3室1厅1卫
整租·老山西街7号院 3室1厅 南/北,石景山,老山,老山西街7号院,69.62㎡,南 北,3室1厅1卫
整租·富强西里 3室1厅 东/北,大兴,黄村中,富强西里,66.00㎡,东 北,3室1厅1卫
整租·东军庄 3室1厅 南/北,朝阳,管庄,东军庄,79.54㎡,南 北,3室1厅1卫
整租·黄村西里 3室1厅 南/北,大兴,黄村中,黄村西里,66.05㎡,南 北,3室1厅1卫
整租·芳星园三区 3室1厅 南/北,丰台,方庄,芳星园三区,76.90㎡,南 北,3室1厅1卫
整租·昌艺园小区 3室1厅 南,昌平,沙河,昌艺园小区,74.00㎡,南,3室1厅1卫
整租·古城南里 3室1厅 北,石景山,古城,古城南里,74.97㎡,北,3室1厅1卫
整租·南湖中园二区 3室1厅 南,朝阳,望京,南湖中园二区,75.00㎡,南,3室1厅1卫
整租·晨新园 3室1厅 南/北,丰台,马家堡,晨新园,77.03㎡,南 北,3室1厅1卫
整租·华龙苑南里 3室1厅 南/西/北,昌平,霍营,华龙苑南里,78.58㎡,南 西 北,3室1厅1卫
整租·天坛南里西区 3室1厅 南/北,东城,天坛,天坛南里西区,69.42㎡,南 北,3室1厅1卫
整租·广渠家园 3室1厅 西,东城,广渠门,广渠家园,71.43㎡,西,3室1厅1卫
整租·秀水园 3室1厅 东/西,朝阳,甜水园,秀水园,79.32㎡,东 西,3室1厅1卫
整租·南湖中园二区 3室1厅 南,朝阳,望京,南湖中园二区,68.07㎡,南,3室1厅1卫
整租·西翠路12号院 3室1厅 东/西/北,海淀,万寿路,西翠路12号院,71.60㎡,东 西 北,3室1厅1卫
整租·南湖中园二区 3室1厅 南,朝阳,望京,南湖中园二区,68.69㎡,南,3室1厅1卫
整租·圆明园西路2号院 3室1厅 南/北,海淀,马连洼,圆明园西路2号院,61.00㎡,南 北,3室1厅1卫
独栋·这家儿公寓 这家公寓-紫御长安店 紫御长安 3室1厅 精装 双卫 双淋浴 3室1厅,,,,55.77-65.11㎡,,3室1厅2卫
整租·M5朗峰 3室2厅 南,通州,通州北苑,M5朗峰,76.00㎡,南,3室2厅2卫
整租·水碓子西里 3室1厅 东/西/北,朝阳,团结湖,水碓子西里,63.19㎡,东 西 北,3室1厅1卫
整租·海户屯 3室1厅 南/北,丰台,大红门,海户屯,72.00㎡,南 北,3室1厅1卫
整租·泰禾中央广场 3室1厅 LOFT 南,大兴,黄村火车站,泰禾中央广场,77.59㎡,南,3室1厅2卫
整租·劲松一区 3室1厅 南/北,朝阳,劲松,劲松一区,72.00㎡,南 北,3室1厅1卫
整租·新华联家园北区 3室2厅 南/北,通州,果园,新华联家园北区,72.82㎡,南 北,3室2厅2卫
整租·毛纺厂西小区 3室1厅 南/北,海淀,清河,毛纺厂西小区,78.80㎡,南 北,3室1厅1卫
整租·天坛北里 3室1厅 东/南/西/北,东城,天坛,天坛北里,65.99㎡,东 南 西 北,3室1厅1卫
整租·芳群园二区 3室1厅 南/北,丰台,方庄,芳群园二区,75.00㎡,南 北,3室1厅1卫
整租·郭庄北里 3室1厅 南/北,东城,永定门,郭庄北里,68.52㎡,南 北,3室1厅1卫
整租·大牛坊二期 3室1厅 南/北,海淀,海淀北部新区,大牛坊二期,75.00㎡,南 北,3室1厅1卫
整租·丰开苑 3室1厅 南/西,丰台,马家堡,丰开苑,76.10㎡,南 西,3室1厅1卫
整租·信建里小区 3室1厅 南/北,西城,右安门内,信建里小区,68.58㎡,南 北,3室1厅1卫
整租·中海金鑫阁 4房间 东南,石景山,古城,中海金鑫阁,72.71㎡,东南,4房间1卫
整租·团结湖水利局宿舍 3室1厅 南/北,朝阳,团结湖,团结湖水利局宿舍,70.00㎡,南 北,3室1厅1卫
整租·泰禾一号街区 4房间 东/南,通州,通州其它,泰禾一号街区,68.08㎡,东 南,4房间2卫
整租·密云橡树湾西区 3室2厅 南/北,密云,鼓楼街道,密云橡树湾西区,109.34㎡,南 北,3室2厅1卫
整租·京溪小区 3室2厅 南/北,密云,溪翁庄镇,京溪小区,105.40㎡,南 北,3室2厅2卫
整租·山水汇豪苑B区 3室1厅 南/北,房山,窦店,山水汇豪苑B区,118.11㎡,南 北,3室1厅2卫
整租·檀城东区 3室1厅 南/北,密云,鼓楼街道,檀城东区,100.92㎡,南 北,3室1厅2卫
整租·金域缇香 3室1厅 南/北,房山,长阳,金域缇香,108.00㎡,南 北,3室1厅1卫
整租·瀛海家园畅园C区 3室1厅 南/北,大兴,瀛海,瀛海家园畅园C区,108.00㎡,南 北,3室1厅1卫
整租·东阁雅舍 3室2厅 南/北,通州,北关,东阁雅舍,106.70㎡,南 北,3室2厅1卫
整租·长阳半岛怡和南路10号院 3室1厅 南,房山,长阳,长阳半岛怡和南路10号院,103.00㎡,南,3室1厅1卫
整租·惠康嘉园五区 3室1厅 南/北,门头沟,滨河西区,惠康嘉园五区,110.71㎡,南 北,3室1厅1卫
整租·天通苑二区 3室1厅 南/北,昌平,天通苑,天通苑二区,101.00㎡,南 北,3室1厅2卫
整租·西马庄园 3室1厅 东/西,通州,通州北苑,西马庄园,113.20㎡,东 西,3室1厅1卫
整租·北小园 3室2厅 南/北,通州,万达,北小园,118.56㎡,南 北,3室2厅2卫
整租·天鑫家园 3室1厅 南/北,昌平,霍营,天鑫家园,108.00㎡,南 北,3室1厅1卫
整租·富力尚悦居A区 3室1厅 南/北,通州,通州其它,富力尚悦居A区,112.00㎡,南 北,3室1厅1卫
整租·房地远洋悦山水 3室2厅 南/北,通州,北关,房地远洋悦山水,105.00㎡,南 北,3室2厅1卫
整租·同华园 3室2厅 南/北,大兴,西红门,同华园,117.44㎡,南 北,3室2厅1卫
整租·长阳半岛怡和路8号院 3室1厅 南/北,房山,长阳,长阳半岛怡和路8号院,103.00㎡,南 北,3室1厅1卫
整租·长阳半岛怡和南路10号院 3室1厅 南/北,房山,长阳,长阳半岛怡和南路10号院,103.00㎡,南 北,3室1厅1卫
整租·映翠居 3室1厅 南/北,通州,梨园,映翠居,115.00㎡,南 北,3室1厅2卫
整租·金域缇香 3室1厅 南/北,房山,长阳,金域缇香,116.62㎡,南 北,3室1厅2卫
整租·万科新里程59号院 3室1厅 南/北,房山,长阳,万科新里程59号院,102.00㎡,南 北,3室1厅1卫
整租·鑫苑鑫都汇 3室1厅 南,大兴,天宫院,鑫苑鑫都汇,106.90㎡,南,3室1厅1卫
整租·华远铭悦园 3室1厅 南,通州,临河里,华远铭悦园,115.10㎡,南,3室1厅1卫
整租·北街家园一区 3室1厅 南/北,昌平,沙河,北街家园一区,119.04㎡,南 北,3室1厅2卫
整租·怡馨家园 3室2厅 南/北,顺义,顺义城,怡馨家园,113.39㎡,南 北,3室2厅2卫
整租·合生滨江帝景一期 3室1厅 南/北,通州,玉桥,合生滨江帝景一期,112.18㎡,南 北,3室1厅1卫
整租·泰禾中央广场 4房间 南/北,大兴,黄村火车站,泰禾中央广场,108.00㎡,南 北,4房间2卫
整租·贵园南里乙区 3室2厅 南/北,亦庄开发区,亦庄,贵园南里乙区,102.23㎡,南 北,3室2厅1卫
整租·云趣园一区 3室1厅 南/北,昌平,回龙观,云趣园一区,106.00㎡,南 北,3室1厅1卫
整租·富力尚悦居C区 3室1厅 南/北,通州,通州其它,富力尚悦居C区,112.00㎡,南 北,3室1厅1卫
整租·旧宫北里 3室1厅 南/北,大兴,旧宫,旧宫北里,115.00㎡,南 北,3室1厅1卫
整租·碧波园 3室1厅 南/北,房山,长阳,碧波园,106.44㎡,南 北,3室1厅1卫
整租·管庄东里 3室1厅 东/西,朝阳,管庄,管庄东里,106.00㎡,东 西,3室1厅1卫
整租·瑞祥里 3室1厅 南/北,朝阳,管庄,瑞祥里,108.00㎡,南 北,3室1厅1卫
整租·华清嘉园 3室2厅 东,海淀,五道口,华清嘉园,117.49㎡,东,3室2厅2卫
整租·石油大院 3室1厅 东/南,海淀,二里庄,石油大院,120.00㎡,东 南,3室1厅1卫
整租·左安浦园 3室1厅 东,东城,左安门,左安浦园,102.21㎡,东,3室1厅1卫
整租·万年花城一期 3室1厅 东南,丰台,玉泉营,万年花城一期,102.00㎡,东南,3室1厅1卫
整租·四方景园二区 3室1厅 西南,丰台,成寿寺,四方景园二区,115.00㎡,西南,3室1厅1卫
整租·北京东湾 3室1厅 南,通州,万达,北京东湾,111.00㎡,南,3室1厅2卫
整租·金融街长安中心 4房间 南,石景山,古城,金融街长安中心,108.00㎡,南,4房间1卫
整租·京投发展公园悦府一区 3室1厅 南/北,昌平,回龙观,京投发展公园悦府一区,113.00㎡,南 北,3室1厅2卫
整租·金域华府二期 3室1厅 南/北,昌平,回龙观,金域华府二期,116.00㎡,南 北,3室1厅1卫
整租·万象新天三区 3室1厅 南/北,朝阳,常营,万象新天三区,117.00㎡,南 北,3室1厅1卫
整租·华贸城 3室1厅 东/南/北,朝阳,北苑,华贸城,108.00㎡,东 南 北,3室1厅1卫
整租·莱圳家园 3室1厅 南/北,海淀,清河,莱圳家园,112.87㎡,南 北,3室1厅2卫
整租·金隅凤麟洲 3室2厅 南/西/北,朝阳,朝青,金隅凤麟洲,115.34㎡,南 西 北,3室2厅2卫
整租·首开知语城 3室2厅 东南,朝阳,望京,首开知语城,103.00㎡,东南,3室2厅1卫
整租·永定华庭 3室1厅 南/北,海淀,五棵松,永定华庭,104.00㎡,南 北,3室1厅2卫
整租·龙湖花盛香醍 3室2厅 南/北,通州,九棵树(家乐福),龙湖花盛香醍,120.00㎡,南 北,3室2厅2卫
整租·五棵松26号院 3室2厅 南/北,海淀,四季青,五棵松26号院,116.00㎡,南 北,3室2厅1卫
整租·利泽西园 3室1厅 南/北,朝阳,望京,利泽西园,106.00㎡,南 北,3室1厅1卫
整租·清泽园 3室2厅 南/北,海淀,海淀北部新区,清泽园,120.00㎡,南 北,3室2厅2卫
整租·金隅凤麟洲 3室2厅 错层 东/南/北,朝阳,朝青,金隅凤麟洲,116.23㎡,东 南 北,3室2厅2卫
整租·定福庄北里1号院  3室1厅 南,朝阳,定福庄,定福庄北里1号院 ,101.00㎡,南,3室1厅1卫
整租·京投银泰万科西华府 3室1厅 南/北,丰台,科技园区,京投银泰万科西华府,113.00㎡,南 北,3室1厅2卫
整租·北京城建海梓府 3室1厅 南/北,大兴,亦庄开发区其它,北京城建海梓府,100.07㎡,南 北,3室1厅1卫
整租·望京西园一区 3室2厅 复式 南/北,朝阳,望京,望京西园一区,115.98㎡,南 北,3室2厅2卫
整租·莲花池东路甲5号院 3室1厅 北,西城,木樨地,莲花池东路甲5号院,109.00㎡,北,3室1厅1卫
整租·中国铁建国际城 3室2厅 南/北,朝阳,北苑,中国铁建国际城,118.00㎡,南 北,3室2厅2卫
整租·车公庄西路20号院 3室2厅 南/西,海淀,甘家口,车公庄西路20号院,117.17㎡,南 西,3室2厅2卫
整租·华腾园 3室1厅 西南/北,朝阳,双井,华腾园,109.50㎡,西南 北,3室1厅1卫
整租·地质附中 3室1厅 南/北,海淀,五道口,地质附中,100.90㎡,南 北,3室1厅1卫
整租·京投银泰万科西华府 3室1厅 南/北,丰台,科技园区,京投银泰万科西华府,114.00㎡,南 北,3室1厅2卫
整租·住总正华新国展满庭芳 3室1厅 南/北,顺义,中央别墅区,住总正华新国展满庭芳,102.69㎡,南 北,3室1厅1卫
整租·晓月苑五里 3室2厅 南,丰台,卢沟桥,晓月苑五里,120.00㎡,南,3室2厅2卫
整租·三山新新家园 3室1厅 南/北,顺义,后沙峪,三山新新家园,112.00㎡,南 北,3室1厅1卫
整租·DBC加州小镇 3室2厅 南/北,通州,临河里,DBC加州小镇,119.42㎡,南 北,3室2厅2卫
整租·长阳半岛怡和南路8号院 3室1厅 南/北,房山,长阳,长阳半岛怡和南路8号院,102.41㎡,南 北,3室1厅1卫
整租·富力尚悦居A区 3室2厅 南/北,通州,通州其它,富力尚悦居A区,117.00㎡,南 北,3室2厅1卫
整租·长阳国际城三区 3室1厅 南/北,房山,长阳,长阳国际城三区,119.00㎡,南 北,3室1厅2卫
整租·建邦华庭西区 3室2厅 南/北,房山,长阳,建邦华庭西区,109.00㎡,南 北,3室2厅1卫
整租·幸福西区 3室1厅 东南,顺义,顺义城,幸福西区,118.00㎡,东南,3室1厅1卫
整租·建邦华庭东区 3室1厅 南/北,房山,长阳,建邦华庭东区,109.65㎡,南 北,3室1厅1卫
整租·长阳半岛怡和南路10号院 3室1厅 南/北,房山,长阳,长阳半岛怡和南路10号院,109.00㎡,南 北,3室1厅1卫
整租·首开熙悦山澜庭 3室1厅 南/西/北,房山,长阳,首开熙悦山澜庭,100.00㎡,南 西 北,3室1厅1卫
整租·翠屏南里 3室1厅 南/北,通州,九棵树(家乐福),翠屏南里,100.00㎡,南 北,3室1厅1卫
整租·鲁能7号院水岸公馆 3室2厅 南/北,顺义,马坡,鲁能7号院水岸公馆,119.51㎡,南 北,3室2厅2卫
整租·新月家园 3室1厅 东/南/西/北,丰台,卢沟桥,新月家园,115.00㎡,东 南 西 北,3室1厅1卫
整租·金科廊桥水岸 3室1厅 南/北,昌平,南邵,金科廊桥水岸,100.92㎡,南 北,3室1厅1卫
整租·鲁能7号院溪园 3室2厅 南/北,顺义,马坡,鲁能7号院溪园,119.59㎡,南 北,3室2厅2卫
整租·裕祥花园 3室1厅 南/北,顺义,后沙峪,裕祥花园,100.00㎡,南 北,3室1厅1卫
整租·五福家园 3室1厅 南/北,昌平,沙河,五福家园,119.93㎡,南 北,3室1厅1卫
整租·顶秀美泉小镇C区 3室2厅 南/北,怀柔,怀柔,顶秀美泉小镇C区,117.00㎡,南 北,3室2厅2卫
整租·首开香溪郡 3室1厅 南/北,通州,通州其它,首开香溪郡,101.22㎡,南 北,3室1厅1卫
整租·合生滨江帝景一期 3室1厅 南/北,通州,玉桥,合生滨江帝景一期,112.18㎡,南 北,3室1厅1卫
整租·翠屏南里 3室1厅 南/北,通州,九棵树(家乐福),翠屏南里,106.00㎡,南 北,3室1厅1卫
整租·珠江国际城八区 3室1厅 南/北,通州,潞苑,珠江国际城八区,116.46㎡,南 北,3室1厅2卫
整租·泰禾中央广场 4房间 南/北,大兴,黄村火车站,泰禾中央广场,108.00㎡,南 北,4房间2卫
整租·金域缇香 3室2厅 南/北,房山,长阳,金域缇香,103.00㎡,南 北,3室2厅1卫
整租·青荷里宸欣园 3室2厅 南/北,朝阳,豆各庄,青荷里宸欣园,105.30㎡,南 北,3室2厅1卫
整租·贵园南里乙区 3室2厅 南/北,亦庄开发区,亦庄,贵园南里乙区,102.23㎡,南 北,3室2厅1卫
整租·丽园B区 3室1厅 南/北,大兴,枣园,丽园B区,111.36㎡,南 北,3室1厅1卫
整租·云趣园一区 3室1厅 南/北,昌平,回龙观,云趣园一区,106.00㎡,南 北,3室1厅1卫
整租·空港新苑一区4号院 3室1厅 南/北,大兴,大兴机场空港,空港新苑一区4号院,111.00㎡,南 北,3室1厅1卫
整租·山水汇豪苑A区 3室1厅 南/北,房山,窦店,山水汇豪苑A区,106.30㎡,南 北,3室1厅1卫
整租·万利花园 3室2厅 南/北,密云,密云镇,万利花园,100.00㎡,南 北,3室2厅2卫
整租·太扬家园 3室2厅 南/北,密云,鼓楼街道,太扬家园,112.57㎡,南 北,3室2厅2卫
整租·空港茗苑1号院 3室1厅 南/北,大兴,大兴机场空港,空港茗苑1号院,113.59㎡,南 北,3室1厅1卫
整租·榆垡新城嘉园D区 3室1厅 南,大兴,大兴机场空港,榆垡新城嘉园D区,109.05㎡,南,3室1厅1卫
整租·田家园小区 3室2厅 南/北,房山,窦店,田家园小区,113.71㎡,南 北,3室2厅1卫
整租·田家园小区 3室1厅 南/北,房山,窦店,田家园小区,114.27㎡,南 北,3室1厅1卫
整租·华城家园 3室2厅 南/北,房山,窦店,华城家园,113.99㎡,南 北,3室2厅2卫
整租·沿湖小区 3室2厅 南/北,密云,鼓楼街道,沿湖小区,112.70㎡,南 北,3室2厅2卫
整租·怀北庄村民安置房 3室1厅 南/北,怀柔,怀柔,怀北庄村民安置房,109.00㎡,南 北,3室1厅2卫
整租·花园小区 3室2厅 南/北,密云,鼓楼街道,花园小区,109.39㎡,南 北,3室2厅2卫
整租·果园西里 3室2厅 南/北,密云,果园街道,果园西里,100.08㎡,南 北,3室2厅1卫
整租·空港新苑五区15号院 3室1厅 南/北,大兴,大兴机场空港,空港新苑五区15号院,112.38㎡,南 北,3室1厅1卫
整租·花园小区 3室2厅 南/北,密云,鼓楼街道,花园小区,107.40㎡,南 北,3室2厅1卫
整租·宾阳西里北区 3室2厅 南/北,密云,鼓楼街道,宾阳西里北区,104.58㎡,南 北,3室2厅2卫
整租·花园小区 3室2厅 南/北,密云,鼓楼街道,花园小区,112.50㎡,南 北,3室2厅2卫
整租·久润花园西区 3室2厅 南/北,密云,鼓楼街道,久润花园西区,104.92㎡,南 北,3室2厅2卫
整租·花园小区 3室2厅 南/北,密云,鼓楼街道,花园小区,109.56㎡,南 北,3室2厅2卫
整租·花园小区 3室2厅 南/北,密云,鼓楼街道,花园小区,110.83㎡,南 北,3室2厅2卫
整租·长安小区 3室2厅 西南/北,密云,鼓楼街道,长安小区,108.50㎡,西南 北,3室2厅2卫
整租·久润花园东区 3室2厅 南/北,密云,鼓楼街道,久润花园东区,103.17㎡,南 北,3室2厅2卫
整租·行宫南区 3室2厅 南/北,密云,鼓楼街道,行宫南区,102.89㎡,南 北,3室2厅2卫
整租·嘉玺园 3室1厅 南/北,密云,鼓楼街道,嘉玺园,100.00㎡,南 北,3室1厅1卫
整租·燕化星城建德三里 3室2厅 复式 南/北,房山,阎村,燕化星城建德三里,104.64㎡,南 北,3室2厅2卫
整租·幸福东园2号院 3室1厅 南/北,怀柔,怀柔,幸福东园2号院,105.92㎡,南 北,3室1厅1卫
整租·福月家园 3室2厅 南/北,密云,穆家峪镇,福月家园,110.00㎡,南 北,3室2厅2卫
整租·花园小区 3室1厅 南/北,密云,鼓楼街道,花园小区,103.41㎡,南 北,3室1厅1卫
整租·密西花园三期 3室2厅 南/北,密云,果园街道,密西花园三期,115.15㎡,南 北,3室2厅2卫
整租·花园小区 3室2厅 南/北,密云,鼓楼街道,花园小区,103.45㎡,南 北,3室2厅2卫
整租·万福家园 3室1厅 南/北,通州,北关,万福家园,101.00㎡,南 北,3室1厅1卫
整租·车站中里 3室1厅 南/北,大兴,黄村火车站,车站中里,106.00㎡,南 北,3室1厅1卫
整租·芳源里 3室1厅 南/北,大兴,旧宫,芳源里,119.57㎡,南 北,3室1厅1卫
整租·首开香溪郡 3室1厅 南/北,通州,通州其它,首开香溪郡,102.93㎡,南 北,3室1厅1卫
整租·仁和花园一区 3室1厅 南,顺义,顺义城,仁和花园一区,112.00㎡,南,3室1厅1卫
整租·富力尚悦居C区 3室1厅 南/北,通州,通州其它,富力尚悦居C区,111.54㎡,南 北,3室1厅1卫
整租·承泽苑 3室1厅 南/北,门头沟,滨河西区,承泽苑,112.00㎡,南 北,3室1厅1卫
整租·玉璟园 3室1厅 南/北,大兴,瀛海,玉璟园,116.00㎡,南 北,3室1厅2卫
整租·马坡花园一区 3室1厅 南/北,顺义,马坡,马坡花园一区,110.27㎡,南 北,3室1厅1卫
整租·清岚花园回民营二区 3室1厅 南/北,顺义,后沙峪,清岚花园回民营二区,103.00㎡,南 北,3室1厅1卫
整租·阿尔法社区 3室1厅 南/北,通州,九棵树(家乐福),阿尔法社区,106.00㎡,南 北,3室1厅2卫
整租·西上园三区 3室2厅 南/北,通州,武夷花园,西上园三区,102.62㎡,南 北,3室2厅1卫
整租·西辛南区 3室1厅 南/北,顺义,顺义城,西辛南区,100.87㎡,南 北,3室1厅1卫
整租·北小园 3室1厅 南/北,通州,万达,北小园,117.40㎡,南 北,3室1厅1卫
整租·锦悦嘉苑 3室2厅 南/北,顺义,顺义其它,锦悦嘉苑,105.00㎡,南 北,3室2厅1卫
整租·龙湖香醍漫步四区南区 3室1厅 南/北,顺义,马坡,龙湖香醍漫步四区南区,118.00㎡,南 北,3室1厅2卫
整租·宏盛东区 3室1厅 南/北,大兴,西红门,宏盛东区,107.58㎡,南 北,3室1厅1卫
整租·首开香溪郡 3室2厅 南/北,通州,通州其它,首开香溪郡,105.00㎡,南 北,3室2厅1卫
整租·天资华府 3室2厅 南/北,房山,长阳,天资华府,115.76㎡,南 北,3室2厅2卫
整租·一世情园 3室1厅 南/北,通州,马驹桥,一世情园,109.00㎡,南 北,3室1厅2卫
整租·北环里小区 3室1厅 南/北,昌平,鼓楼大街,北环里小区,103.20㎡,南 北,3室1厅1卫
整租·月华大街26号院 3室2厅 南/北,房山,良乡,月华大街26号院,120.00㎡,南 北,3室2厅2卫
整租·港馨家园西区 3室1厅 南/北,顺义,顺义城,港馨家园西区,108.00㎡,南 北,3室1厅1卫
整租·房地远洋悦山水 3室1厅 南,通州,北关,房地远洋悦山水,105.15㎡,南,3室1厅1卫
整租·新华西街 3室2厅 南/北,通州,万达,新华西街,112.00㎡,南 北,3室2厅1卫
整租·天竺新村 3室2厅 南/北,顺义,首都机场,天竺新村,105.00㎡,南 北,3室2厅1卫
整租·迎宾中路甲27号 3室1厅 东,怀柔,怀柔,迎宾中路甲27号,118.30㎡,东,3室1厅1卫
整租·首座御园一区二期 3室1厅 南/北,大兴,枣园,首座御园一区二期,116.63㎡,南 北,3室1厅2卫
整租·加州水郡三期 3室2厅 南/西南/北,房山,长阳,加州水郡三期,115.62㎡,南 西南 北,3室2厅2卫
整租·西山湖文苑 3室1厅 南/北,丰台,,西山湖文苑,100.87㎡,南 北,3室1厅1卫
整租·通州万国城MOMA 3室2厅 南,通州,乔庄,通州万国城MOMA,112.23㎡,南,3室2厅2卫
整租·广华新城 3室1厅 南,朝阳,百子湾,广华新城,120.00㎡,南,3室1厅1卫
整租·新风街1号院 3室2厅 东南,西城,马甸,新风街1号院,111.51㎡,东南,3室2厅2卫
独栋·德彩创意公寓 北运河西誉舍店 行政礼宾舒适套房 3室1厅,,,,102.00-112.00㎡,,3室1厅1卫
整租·慧忠北里第一社区 3室1厅 西南,朝阳,亚运村,慧忠北里第一社区,104.56㎡,西南,3室1厅1卫
整租·民族大学南路19号院 3室1厅 南,海淀,魏公村,民族大学南路19号院,107.70㎡,南,3室1厅1卫
整租·首开华润城 3室2厅 南/北,丰台,科技园区,首开华润城,111.63㎡,南 北,3室2厅2卫
整租·安外西河沿路1号院 3室1厅 南,东城,安定门,安外西河沿路1号院,104.98㎡,南,3室1厅1卫
整租·京投发展公园悦府一区 3室1厅 南/北,昌平,回龙观,京投发展公园悦府一区,113.00㎡,南 北,3室1厅2卫
整租·小关北里43号院 3室1厅 南,朝阳,惠新西街,小关北里43号院,112.86㎡,南,3室1厅1卫
整租·石门新居36号院 3室1厅 南,朝阳,百子湾,石门新居36号院,118.00㎡,南,3室1厅2卫
整租·泰禾金府大院 3室1厅 南,丰台,新宫,泰禾金府大院,112.00㎡,南,3室1厅1卫
整租·首开璞瑅 3室2厅 东南,丰台,方庄,首开璞瑅,115.18㎡,东南,3室2厅2卫
整租·小关北里43号院 3室1厅 南,朝阳,惠新西街,小关北里43号院,111.94㎡,南,3室1厅1卫
整租·晨光家园A区 3室1厅 西/北,朝阳,石佛营,晨光家园A区,100.00㎡,西 北,3室1厅1卫
整租·林奥嘉园 3室2厅 南,朝阳,奥林匹克公园,林奥嘉园,118.63㎡,南,3室2厅2卫
整租·望坛新苑 3室1厅 东/西,东城,永定门,望坛新苑,103.00㎡,东 西,3室1厅1卫
整租·望京新城 3室1厅 西,朝阳,望京,望京新城,119.00㎡,西,3室1厅1卫
整租·西局玉园 3室1厅 南/北,丰台,七里庄,西局玉园,115.00㎡,南 北,3室1厅1卫
整租·铁医路1号院 3室1厅 东南,海淀,军博,铁医路1号院,101.00㎡,东南,3室1厅1卫
整租·安华西里社区 3室1厅 西南/北,朝阳,安贞,安华西里社区,108.52㎡,西南 北,3室1厅1卫
整租·首创远洋·禧瑞春秋 3室1厅 南,朝阳,中央别墅区,首创远洋·禧瑞春秋,114.47㎡,南,3室1厅1卫
整租·卡布其诺 3室2厅 南/北,朝阳,酒仙桥,卡布其诺,103.00㎡,南 北,3室2厅2卫
整租·双紫小区 3室1厅 西,海淀,紫竹桥,双紫小区,113.00㎡,西,3室1厅1卫
整租·天合家园 3室1厅 南/北,海淀,田村,天合家园,104.00㎡,南 北,3室1厅1卫
整租·南珠苑 3室1厅 南,丰台,草桥,南珠苑,104.20㎡,南,3室1厅1卫
整租·五道口嘉园 3室1厅 东,海淀,五道口,五道口嘉园,119.50㎡,东,3室1厅2卫
整租·石佛营西里小区 3室1厅 东,朝阳,石佛营,石佛营西里小区,120.00㎡,东,3室1厅1卫
整租·恒昌花园 3室2厅 北,西城,广安门,恒昌花园,113.47㎡,北,3室2厅1卫
整租·望馨花园 3室2厅 东南/北,朝阳,望京,望馨花园,116.99㎡,东南 北,3室2厅1卫
整租·和谐家园一区 3室2厅 南/北,昌平,回龙观,和谐家园一区,117.69㎡,南 北,3室2厅1卫
整租·合景寰汇公馆 3室1厅 南,通州,武夷花园,合景寰汇公馆,111.00㎡,南,3室1厅2卫
整租·保利茉莉公馆 3室2厅 南/北,大兴,高米店,保利茉莉公馆,113.99㎡,南 北,3室2厅2卫
整租·康营家园二十五区 3室1厅 南,朝阳,中央别墅区,康营家园二十五区,108.00㎡,南,3室1厅2卫
整租·北京人家 3室1厅 南/北,昌平,回龙观,北京人家,110.89㎡,南 北,3室1厅1卫
整租·龙锦苑东三区 3室1厅 南/北,昌平,霍营,龙锦苑东三区,118.75㎡,南 北,3室1厅1卫
整租·顺欣嘉园 3室1厅 东/南/北,丰台,刘家窑,顺欣嘉园,119.79㎡,东 南 北,3室1厅2卫
整租·恒大未来城 3室1厅 LOFT 南,大兴,义和庄,恒大未来城,117.03㎡,南,3室1厅3卫
整租·长安新城 3室1厅 东/南/北,丰台,青塔,长安新城,112.13㎡,东 南 北,3室1厅1卫
整租·恒大未来城 3室1厅 LOFT 南,大兴,义和庄,恒大未来城,117.03㎡,南,3室1厅3卫
整租·福海棠·华府 3室1厅 南/北,丰台,马家堡,福海棠·华府,101.00㎡,南 北,3室1厅1卫
整租·泰禾中央广场 3室2厅 LOFT 东南/南,大兴,黄村火车站,泰禾中央广场,118.34㎡,东南 南,3室2厅2卫
整租·定福家园3号院 3室1厅 南/北,朝阳,定福庄,定福家园3号院,112.98㎡,南 北,3室1厅1卫
整租·恒大未来城 3室1厅 LOFT 南,大兴,义和庄,恒大未来城,117.18㎡,南,3室1厅3卫
整租·丰体时代花园 3室1厅 西/北,丰台,岳各庄,丰体时代花园,116.08㎡,西 北,3室1厅1卫
整租·海棠公社 3室2厅 南/北,朝阳,豆各庄,海棠公社,115.00㎡,南 北,3室2厅1卫
整租·京汉旭城 3室1厅 南/北,石景山,鲁谷,京汉旭城,108.27㎡,南 北,3室1厅1卫
整租·通州富力中心A 3室1厅 南,通州,武夷花园,通州富力中心A,114.78㎡,南,3室1厅2卫
整租·云趣园二区 3室1厅 南/北,昌平,回龙观,云趣园二区,112.00㎡,南 北,3室1厅1卫
整租·西山枫林四期 3室1厅 南/北,石景山,苹果园,西山枫林四期,118.00㎡,南 北,3室1厅1卫
整租·定福庄西街 3室1厅 南/北,朝阳,定福庄,定福庄西街,119.00㎡,南 北,3室1厅1卫
整租·环博路2号院 3室2厅 南,朝阳,朝阳其它,环博路2号院,100.00㎡,南,3室2厅1卫
整租·京通苑 3室1厅 西北,朝阳,管庄,京通苑,105.70㎡,西北,3室1厅1卫
整租·环博路2号院 3室1厅 南,朝阳,朝阳其它,环博路2号院,100.00㎡,南,3室1厅1卫
整租·丽泽雅园 3室1厅 西南/北,丰台,马连道,丽泽雅园,105.60㎡,西南 北,3室1厅1卫
整租·康营家园三十二区 3室1厅 南/北,朝阳,中央别墅区,康营家园三十二区,108.00㎡,南 北,3室1厅2卫
整租·三间房南里4号院 3室1厅 南/北,朝阳,定福庄,三间房南里4号院,108.71㎡,南 北,3室1厅1卫
整租·建材城东一里 3室1厅 南/北,海淀,西三旗,建材城东一里,100.01㎡,南 北,3室1厅1卫
整租·万恒家园 3室2厅 南/北,丰台,青塔,万恒家园,115.00㎡,南 北,3室2厅2卫
整租·中海城圣朝菲 3室1厅 东/西,朝阳,成寿寺,中海城圣朝菲,101.00㎡,东 西,3室1厅1卫
整租·檀城西区 3室2厅 南/北,密云,鼓楼街道,檀城西区,111.96㎡,南 北,3室2厅1卫
整租·优品园 3室1厅 南/北,怀柔,怀柔,优品园,110.00㎡,南 北,3室1厅1卫
整租·四海公寓 3室1厅 南/北,通州,潞苑,四海公寓,105.45㎡,南 北,3室1厅1卫
整租·燕化星城北里 3室1厅 东南/西南,房山,阎村,燕化星城北里,107.12㎡,东南 西南,3室1厅1卫
整租·优品园 3室1厅 南/北,怀柔,怀柔,优品园,111.14㎡,南 北,3室1厅1卫
整租·北京城建琨廷北区 3室1厅 南/北,房山,窦店,北京城建琨廷北区,102.10㎡,南 北,3室1厅1卫
整租·太扬家园 3室2厅 复式 南,密云,鼓楼街道,太扬家园,100.91㎡,南,3室2厅1卫
整租·恒盛波尔多小镇南区 3室2厅 复式 南/北,大兴,大兴新机场洋房别墅区,恒盛波尔多小镇南区,102.42㎡,南 北,3室2厅2卫
整租·红螺馨园 3室2厅 南/北,怀柔,怀柔,红螺馨园,115.00㎡,南 北,3室2厅2卫
整租·富乐小区南里 3室2厅 南/北,怀柔,怀柔,富乐小区南里,113.81㎡,南 北,3室2厅1卫
整租·汇都家园 3室2厅 南/北,怀柔,怀柔,汇都家园,107.00㎡,南 北,3室2厅2卫
整租·优品园 3室1厅 南/北,怀柔,怀柔,优品园,108.05㎡,南 北,3室1厅1卫
整租·花园小区 3室2厅 南/北,密云,鼓楼街道,花园小区,109.56㎡,南 北,3室2厅2卫
整租·红螺馨园 3室1厅 南/北,怀柔,怀柔,红螺馨园,107.00㎡,南 北,3室1厅1卫
整租·优品园 3室1厅 南/北,怀柔,怀柔,优品园,112.00㎡,南 北,3室1厅1卫
整租·怡安园小区 3室2厅 南/北,怀柔,怀柔,怡安园小区,111.09㎡,南 北,3室2厅1卫
整租·育新花园西里 3室1厅 南/北,大兴,大兴新机场洋房别墅区,育新花园西里,107.00㎡,南 北,3室1厅2卫
整租·富怀嘉苑A区 3室2厅 南/北,怀柔,怀柔,富怀嘉苑A区,101.83㎡,南 北,3室2厅1卫
整租·优品园 3室1厅 南/北,怀柔,怀柔,优品园,110.00㎡,南 北,3室1厅1卫
整租·南华园一区 3室1厅 南/北,怀柔,怀柔,南华园一区,108.91㎡,南 北,3室1厅1卫
整租·红螺馨园 3室1厅 南/北,怀柔,怀柔,红螺馨园,107.00㎡,南 北,3室1厅1卫
整租·南华园四区 3室2厅 南/北,怀柔,怀柔,南华园四区,110.46㎡,南 北,3室2厅1卫
整租·首创悦欣汇 3室2厅 南/北,密云,鼓楼街道,首创悦欣汇,106.26㎡,南 北,3室2厅1卫
整租·铁路小区 3室1厅 南/北,怀柔,怀柔,铁路小区,109.00㎡,南 北,3室1厅1卫
整租·优品园 3室2厅 南/北,怀柔,怀柔,优品园,111.14㎡,南 北,3室2厅1卫
整租·八龙桥雅苑 3室1厅 南/北,怀柔,怀柔,八龙桥雅苑,105.23㎡,南 北,3室1厅1卫
整租·学府花园 3室2厅 南/北,密云,密云镇,学府花园,109.01㎡,南 北,3室2厅2卫
整租·怀北庄村民安置房 3室1厅 南/北,怀柔,怀柔,怀北庄村民安置房,109.00㎡,南 北,3室1厅2卫
整租·优品园 3室1厅 南/北,怀柔,怀柔,优品园,108.51㎡,南 北,3室1厅1卫
整租·港馨家园西区 3室1厅 南/北,顺义,顺义城,港馨家园西区,113.80㎡,南 北,3室1厅1卫
整租·荞馨园 3室1厅 南/北,通州,乔庄,荞馨园,116.08㎡,南 北,3室1厅1卫
整租·泰晤士印象 3室1厅 南/北,通州,通州其它,泰晤士印象,103.00㎡,南 北,3室1厅1卫
整租·石园北区 3室2厅 南/北,顺义,顺义城,石园北区,113.83㎡,南 北,3室2厅1卫
整租·马坡花园一区 3室1厅 南/北,顺义,马坡,马坡花园一区,100.20㎡,南 北,3室1厅1卫
整租·裕龙四区 3室1厅 南/北,顺义,顺义城,裕龙四区,111.00㎡,南 北,3室1厅1卫
整租·育龙馨居 3室1厅 南/北,怀柔,怀柔,育龙馨居,120.00㎡,南 北,3室1厅1卫
整租·石园北区 3室1厅 南/北,顺义,顺义城,石园北区,100.00㎡,南 北,3室1厅2卫
整租·一品嘉园 3室2厅 南/北,大兴,南中轴机场商务区,一品嘉园,113.79㎡,南 北,3室2厅1卫
整租·东兴一区 3室1厅 南/北,顺义,顺义城,东兴一区,120.00㎡,南 北,3室1厅2卫
整租·板桥南街8号院 3室2厅 南/北,顺义,顺义其它,板桥南街8号院,109.37㎡,南 北,3室2厅1卫
整租·富力华庭苑东区 3室1厅 南/北,大兴,大兴新机场,富力华庭苑东区,100.78㎡,南 北,3室1厅2卫
整租·新樂園 3室2厅 南/北,怀柔,怀柔,新樂園,109.02㎡,南 北,3室2厅2卫
整租·裕龙二区 3室1厅 南/北,顺义,顺义城,裕龙二区,114.77㎡,南 北,3室1厅1卫
整租·北京城建琨廷漫缇 3室2厅 南/北,房山,窦店,北京城建琨廷漫缇,119.06㎡,南 北,3室2厅2卫
整租·仓上小区 3室1厅 南/北,顺义,顺义城,仓上小区,108.00㎡,南 北,3室1厅1卫
整租·双河南里 3室1厅 南/北,大兴,观音寺,双河南里,102.12㎡,南 北,3室1厅1卫
整租·石园北区 3室1厅 东北,顺义,顺义城,石园北区,100.00㎡,东北,3室1厅1卫
整租·四海公寓 3室1厅 南/北,通州,潞苑,四海公寓,104.85㎡,南 北,3室1厅1卫
整租·富力华庭苑西区 3室1厅 南,大兴,大兴新机场,富力华庭苑西区,100.00㎡,南,3室1厅2卫
整租·世嘉光织谷东区 3室1厅 东/西/北,怀柔,怀柔,世嘉光织谷东区,109.29㎡,东 西 北,3室1厅1卫
整租·四海公寓 3室1厅 南/北,通州,潞苑,四海公寓,105.00㎡,南 北,3室1厅1卫
整租·红螺馨园 3室2厅 南/北,怀柔,怀柔,红螺馨园,107.00㎡,南 北,3室2厅1卫
整租·腾龙家园二区 3室1厅 南/北,房山,阎村,腾龙家园二区,109.55㎡,南 北,3室1厅1卫
整租·北京城建琨廷漫缇 3室1厅 南/北,房山,窦店,北京城建琨廷漫缇,105.73㎡,南 北,3室1厅1卫
整租·优品园 3室1厅 南/北,怀柔,怀柔,优品园,108.50㎡,南 北,3室1厅1卫
整租·仁和花园一区 3室1厅 南/北,顺义,顺义城,仁和花园一区,113.00㎡,南 北,3室1厅1卫
整租·八龙桥雅苑 3室1厅 南/北,怀柔,怀柔,八龙桥雅苑,104.89㎡,南 北,3室1厅1卫
整租·四海公寓 3室1厅 南/北,通州,潞苑,四海公寓,105.00㎡,南 北,3室1厅1卫
整租·仓上小区 3室2厅 南/北,顺义,顺义城,仓上小区,116.00㎡,南 北,3室2厅2卫
整租·翠竹园小区 3室2厅 南/北,怀柔,怀柔,翠竹园小区,118.62㎡,南 北,3室2厅2卫
整租·石园东苑 3室1厅 南/北,顺义,顺义城,石园东苑,105.50㎡,南 北,3室1厅1卫
整租·苏庄二里 3室2厅 南/北,房山,良乡,苏庄二里,103.99㎡,南 北,3室2厅1卫
整租·北京城建琨廷北区 3室1厅 南/北,房山,窦店,北京城建琨廷北区,103.24㎡,南 北,3室1厅1卫
整租·四海公寓 3室1厅 南/北,通州,潞苑,四海公寓,105.00㎡,南 北,3室1厅1卫
整租·红螺馨园 3室2厅 南/北,怀柔,怀柔,红螺馨园,107.00㎡,南 北,3室2厅1卫
整租·腾龙家园二区 3室1厅 南/北,房山,阎村,腾龙家园二区,109.55㎡,南 北,3室1厅1卫
整租·北京城建琨廷漫缇 3室1厅 南/北,房山,窦店,北京城建琨廷漫缇,105.73㎡,南 北,3室1厅1卫
整租·翠竹园小区 3室2厅 南/北,怀柔,怀柔,翠竹园小区,118.62㎡,南 北,3室2厅2卫
整租·优品园 3室1厅 南/北,怀柔,怀柔,优品园,108.50㎡,南 北,3室1厅1卫
整租·仁和花园一区 3室1厅 南/北,顺义,顺义城,仁和花园一区,113.00㎡,南 北,3室1厅1卫
整租·八龙桥雅苑 3室1厅 南/北,怀柔,怀柔,八龙桥雅苑,104.89㎡,南 北,3室1厅1卫
整租·金鼎欣盛家园 3室1厅 南/北,大兴,大兴其它,金鼎欣盛家园,113.00㎡,南 北,3室1厅1卫
整租·东关一区 3室2厅 南/北,怀柔,怀柔,东关一区,103.00㎡,南 北,3室2厅1卫
整租·优品园 3室1厅 南/北,怀柔,怀柔,优品园,105.00㎡,南 北,3室1厅1卫
整租·当代采育满庭春MOMA 3室2厅 南/北,大兴,大兴新机场洋房别墅区,当代采育满庭春MOMA,120.00㎡,南 北,3室2厅2卫
整租·仓上小区 3室2厅 南/北,顺义,顺义城,仓上小区,116.00㎡,南 北,3室2厅2卫
整租·富力华庭苑西区 3室1厅 南/北,大兴,大兴新机场,富力华庭苑西区,100.00㎡,南 北,3室1厅2卫
整租·富力飞常HAOS 4房间 南,大兴,大兴新机场,富力飞常HAOS,100.00㎡,南,4房间1卫
整租·天竺新村 3室1厅 南/北,顺义,首都机场,天竺新村,100.00㎡,南 北,3室1厅1卫
整租·天竺新村 3室1厅 南/北,顺义,首都机场,天竺新村,100.00㎡,南 北,3室1厅1卫
整租·港馨家园西区 3室1厅 南/北,顺义,顺义城,港馨家园西区,115.00㎡,南 北,3室1厅1卫
整租·富怀嘉苑A区 3室1厅 南/北,怀柔,怀柔,富怀嘉苑A区,107.00㎡,南 北,3室1厅1卫
整租·天竺新村 3室1厅 南/北,顺义,首都机场,天竺新村,100.00㎡,南 北,3室1厅1卫
整租·沙顺路110号院 3室2厅 南/北,昌平,小汤山,沙顺路110号院,116.19㎡,南 北,3室2厅2卫
整租·东顺城街 3室1厅 南/北,通州,万达,东顺城街,104.00㎡,南 北,3室1厅1卫
整租·四海公寓 3室1厅 南/北,通州,潞苑,四海公寓,105.00㎡,南 北,3室1厅1卫
整租·天竺新村 3室1厅 南/北,顺义,首都机场,天竺新村,110.00㎡,南 北,3室1厅1卫
整租·天竺新村 3室1厅 南/北,顺义,首都机场,天竺新村,100.00㎡,南 北,3室1厅1卫
整租·北城根小区 3室1厅 南/北,昌平,鼓楼大街,北城根小区,117.00㎡,南 北,3室1厅1卫
整租·富力华庭苑东区 3室1厅 南/北,大兴,大兴新机场,富力华庭苑东区,100.00㎡,南 北,3室1厅2卫
整租·新城阳光 3室2厅 南/西/北,通州,梨园,新城阳光,115.36㎡,南 西 北,3室2厅1卫
整租·久筑物业 3室1厅 东南,石景山,鲁谷,久筑物业,104.00㎡,东南,3室1厅1卫
整租·康盛园 3室1厅 南/北,大兴,高米店,康盛园,117.83㎡,南 北,3室1厅2卫
整租·金隅万科城三期 3室1厅 南/北,昌平,鼓楼大街,金隅万科城三期,111.00㎡,南 北,3室1厅1卫
整租·龙禧苑一区 3室1厅 南/北,昌平,回龙观,龙禧苑一区,108.00㎡,南 北,3室1厅1卫
整租·八龙桥雅苑 3室1厅 南/北,怀柔,怀柔,八龙桥雅苑,104.00㎡,南 北,3室1厅1卫
整租·公庄小区 3室2厅 南/北,通州,梨园,公庄小区,118.65㎡,南 北,3室2厅2卫
整租·建邦华庭西区 3室2厅 南/北,房山,长阳,建邦华庭西区,109.52㎡,南 北,3室2厅1卫
整租·天通苑东二区 3室1厅 西/西北,昌平,天通苑,天通苑东二区,106.67㎡,西 西北,3室1厅1卫
整租·玉璟园 3室1厅 南/北,大兴,瀛海,玉璟园,111.00㎡,南 北,3室1厅2卫
整租·万科四季花城 3室2厅 南/北,顺义,顺义城,万科四季花城,118.00㎡,南 北,3室2厅1卫
整租·古月佳园西区 3室1厅 南/北,通州,通州其它,古月佳园西区,102.00㎡,南 北,3室1厅1卫
整租·怡兴园 3室1厅 南/北,大兴,黄村中,怡兴园,104.00㎡,南 北,3室1厅1卫
整租·长阳半岛怡和南路10号院 3室1厅 南/北,房山,长阳,长阳半岛怡和南路10号院,109.00㎡,南 北,3室1厅1卫
整租·贵园南里甲区 3室1厅 南/北,亦庄开发区,亦庄,贵园南里甲区,103.00㎡,南 北,3室1厅1卫
整租·云立方 3室1厅 南/北,大兴,天宫院,云立方,101.06㎡,南 北,3室1厅1卫
整租·K2清水湾 3室2厅 西南,通州,潞苑,K2清水湾,113.46㎡,西南,3室2厅2卫
整租·柏泉庄园雁舞园A区 3室2厅 南/北,怀柔,怀柔,柏泉庄园雁舞园A区,120.00㎡,南 北,3室2厅2卫
整租·建邦华庭东区 3室1厅 南/北,房山,长阳,建邦华庭东区,107.86㎡,南 北,3室1厅1卫
整租·紫运南里三区 3室1厅 南/北,通州,通州其它,紫运南里三区,120.00㎡,南 北,3室1厅1卫
整租·美然绿色家园 3室1厅 南/北,大兴,旧宫,美然绿色家园,102.00㎡,南 北,3室1厅1卫
整租·首座御园一区二期 3室1厅 南/北,大兴,枣园,首座御园一区二期,118.00㎡,南 北,3室1厅1卫
整租·首座御园一区二期 3室2厅 南/北,大兴,枣园,首座御园一区二期,115.89㎡,南 北,3室2厅2卫
整租·富力尚悦居C区 3室2厅 南/北,通州,通州其它,富力尚悦居C区,112.00㎡,南 北,3室2厅1卫
整租·富力尚悦居A区 3室1厅 南,通州,通州其它,富力尚悦居A区,114.00㎡,南,3室1厅1卫
整租·富力尚悦居C区 3室1厅 南/北,通州,通州其它,富力尚悦居C区,112.00㎡,南 北,3室1厅1卫
整租·旧宫北里 3室1厅 南/北,大兴,旧宫,旧宫北里,115.00㎡,南 北,3室1厅1卫
整租·碧波园 3室1厅 南/北,房山,长阳,碧波园,106.44㎡,南 北,3室1厅1卫
整租·万科城市花园 3室2厅 南/北,顺义,后沙峪,万科城市花园,110.00㎡,南 北,3室2厅2卫
整租·靓景明居 3室2厅 南/北,通州,九棵树(家乐福),靓景明居,105.55㎡,南 北,3室2厅2卫
整租·西环里 3室1厅 南/北,昌平,西关环岛,西环里,110.89㎡,南 北,3室1厅1卫
整租·西上园老三区 3室2厅 复式 南/北,通州,武夷花园,西上园老三区,100.96㎡,南 北,3室2厅2卫
整租·温泉花园B区 3室1厅 南/北,昌平,北七家,温泉花园B区,120.00㎡,南 北,3室1厅1卫
整租·金域缇香 3室1厅 南/北,房山,长阳,金域缇香,115.74㎡,南 北,3室1厅2卫
整租·名流花园 3室1厅 东南,昌平,北七家,名流花园,106.68㎡,东南,3室1厅1卫
整租·温泉花园B区 3室2厅 南/北,昌平,北七家,温泉花园B区,119.73㎡,南 北,3室2厅2卫
整租·兴海园 3室1厅 南/北,大兴,瀛海,兴海园,109.00㎡,南 北,3室1厅1卫
整租·观音寺北里 3室1厅 南/北,大兴,观音寺,观音寺北里,120.00㎡,南 北,3室1厅1卫
整租·和平街东里 3室1厅 复式 南/北,昌平,鼓楼大街,和平街东里,113.00㎡,南 北,3室1厅1卫
整租·东关南里小区 3室1厅 南/北,昌平,东关,东关南里小区,110.52㎡,南 北,3室1厅1卫
整租·首开香溪郡 3室1厅 南/北,通州,通州其它,首开香溪郡,103.00㎡,南 北,3室1厅1卫
整租·怡馨家园 3室1厅 南/北,顺义,顺义城,怡馨家园,108.00㎡,南 北,3室1厅1卫
整租·裕龙二区 3室1厅 南/北,顺义,顺义城,裕龙二区,114.77㎡,南 北,3室1厅1卫
整租·双兴南区 3室2厅 东/南/北,顺义,顺义城,双兴南区,110.00㎡,东 南 北,3室2厅1卫
整租·四中家属院 3室2厅 南/北,通州,万达,四中家属院,111.00㎡,南 北,3室2厅1卫
整租·鲁能7号院溪园 3室2厅 南/北,顺义,马坡,鲁能7号院溪园,118.00㎡,南 北,3室2厅2卫
整租·明发雅苑 3室1厅 南/北,大兴,天宫院,明发雅苑,102.81㎡,南 北,3室1厅1卫
整租·阿尔法社区二期 3室1厅 南/北,通州,九棵树(家乐福),阿尔法社区二期,100.00㎡,南 北,3室1厅1卫
整租·东兴一区 3室1厅 南/北,顺义,顺义城,东兴一区,109.00㎡,南 北,3室1厅1卫
整租·碧波园 3室2厅 南/北,房山,长阳,碧波园,117.66㎡,南 北,3室2厅2卫
整租·澜花语岸 3室2厅 南/北,通州,潞苑,澜花语岸,108.95㎡,南 北,3室2厅2卫
整租·新安里 3室1厅 南/北,大兴,枣园,新安里,117.00㎡,南 北,3室1厅1卫
整租·北辰墅院1900 3室2厅 南/北,顺义,马坡,北辰墅院1900,119.00㎡,南 北,3室2厅2卫
整租·幸福西区 3室1厅 西北,顺义,顺义城,幸福西区,100.37㎡,西北,3室1厅1卫
整租·首座御园一区二期 3室2厅 西南,大兴,枣园,首座御园一区二期,118.00㎡,西南,3室2厅2卫
整租·富力惠兰美居 3室1厅 西南,通州,潞苑,富力惠兰美居,108.00㎡,西南,3室1厅2卫
整租·金茂北京国际社区 3室2厅 南,顺义,顺义其它,金茂北京国际社区,118.00㎡,南,3室2厅2卫
整租·首开国风美仑 3室1厅 南/北,通州,通州其它,首开国风美仑,101.00㎡,南 北,3室1厅1卫
整租·潭柘新区4号院 3室2厅 南/北,门头沟,门头沟其它,潭柘新区4号院,114.00㎡,南 北,3室2厅1卫
整租·东兴一区 3室2厅 南/北,顺义,顺义城,东兴一区,113.63㎡,南 北,3室2厅1卫
整租·天竺新村 3室1厅 南/北,顺义,首都机场,天竺新村,100.00㎡,南 北,3室1厅1卫
整租·沙顺路110号院 3室2厅 南/北,昌平,小汤山,沙顺路110号院,116.19㎡,南 北,3室2厅2卫
整租·车站南里 3室1厅 南/北,大兴,黄村火车站,车站南里,100.00㎡,南 北,3室1厅1卫
整租·义和庄东里 3室2厅 南,大兴,黄村火车站,义和庄东里,109.00㎡,南,3室2厅2卫
整租·碧桂园小区二区 3室1厅 南/北,房山,长阳,碧桂园小区二区,117.62㎡,南 北,3室1厅2卫
整租·胜利嘉园 3室2厅 南/北,昌平,西关环岛,胜利嘉园,119.80㎡,南 北,3室2厅2卫
整租·石园南区 3室1厅 南/北,顺义,顺义城,石园南区,100.13㎡,南 北,3室1厅1卫
整租·天韵家园 3室2厅 南/北,怀柔,怀柔,天韵家园,102.66㎡,南 北,3室2厅1卫
整租·港馨家园西区 3室1厅 南/北,顺义,顺义城,港馨家园西区,113.00㎡,南 北,3室1厅1卫
整租·仓上小区 3室1厅 南/北,顺义,顺义城,仓上小区,100.70㎡,南 北,3室1厅1卫
整租·北京城建琨廷漫缇 3室1厅 南/北,房山,窦店,北京城建琨廷漫缇,105.73㎡,南 北,3室1厅1卫
整租·四海公寓 3室1厅 南/北,通州,潞苑,四海公寓,104.85㎡,南 北,3室1厅1卫
整租·迎宾中路 3室2厅 南/北,怀柔,怀柔,迎宾中路,100.18㎡,南 北,3室2厅1卫
整租·裕龙六区 3室1厅 南,顺义,顺义城,裕龙六区,114.00㎡,南,3室1厅1卫
整租·金华里 3室1厅 南/北,大兴,大兴其它,金华里,100.61㎡,南 北,3室1厅1卫
整租·泉河园二区 3室2厅 南/北,怀柔,怀柔,泉河园二区,113.84㎡,南 北,3室2厅1卫
整租·裕龙西区 3室1厅 南/北,顺义,顺义城,裕龙西区,117.23㎡,南 北,3室1厅2卫
整租·新潮嘉园三期 3室1厅 南/北,通州,潞苑,新潮嘉园三期,103.00㎡,南 北,3室1厅1卫
整租·十里春风 3室1厅 南/北,通州,通州其它,十里春风,116.05㎡,南 北,3室1厅3卫
整租·仁和花园一区 3室1厅 南/北,顺义,顺义城,仁和花园一区,113.00㎡,南 北,3室1厅1卫
整租·北京城建琨廷北区 3室1厅 南/北,房山,窦店,北京城建琨廷北区,100.45㎡,南 北,3室1厅1卫
整租·四海公寓 3室1厅 南/北,通州,潞苑,四海公寓,104.85㎡,南 北,3室1厅1卫
整租·汇都家园 3室2厅 南/北,怀柔,怀柔,汇都家园,110.00㎡,南 北,3室2厅2卫
整租·月华新村 3室1厅 东/西,房山,良乡,月华新村,102.76㎡,东 西,3室1厅1卫
整租·月华新村 3室2厅 东/西,房山,良乡,月华新村,102.35㎡,东 西,3室2厅1卫
整租·裕龙一区 3室1厅 南/北,顺义,顺义城,裕龙一区,111.00㎡,南 北,3室1厅1卫
整租·潭柘新区6号院 3室2厅 南/北,门头沟,门头沟其它,潭柘新区6号院,114.00㎡,南 北,3室2厅1卫
整租·富力华庭苑东区 3室1厅 南/北,大兴,大兴新机场,富力华庭苑东区,100.77㎡,南 北,3室1厅1卫
整租·彩俸北区 3室1厅 南/北,顺义,顺义其它,彩俸北区,106.90㎡,南 北,3室1厅1卫
整租·富怀嘉苑A区 3室1厅 南/北,怀柔,怀柔,富怀嘉苑A区,107.00㎡,南 北,3室1厅1卫
整租·兴海家园月苑 3室1厅 南/北,大兴,西红门,兴海家园月苑,111.53㎡,南 北,3室1厅1卫
独栋·恒寓星光店 星光二店 J户型 3室1厅,,,,105.00-106.00㎡,,3室1厅2卫
整租·青荷里南山园 3室1厅 南/北,朝阳,豆各庄,青荷里南山园,104.00㎡,南 北,3室1厅1卫
独栋·恒寓星光店 新房开业85折 自持项目三室0中介 3室1厅,,,,101.00㎡,,3室1厅2卫
整租·青荷里南山园 3室2厅 南/北,朝阳,豆各庄,青荷里南山园,105.00㎡,南 北,3室2厅1卫
整租·瀛海家园瑞园E区 3室1厅 南/北,大兴,瀛海,瀛海家园瑞园E区,109.00㎡,南 北,3室1厅1卫
整租·鑫苑鑫都汇 3室1厅 南/北,大兴,天宫院,鑫苑鑫都汇,104.54㎡,南 北,3室1厅1卫
整租·诚苑南里 3室1厅 南/北,丰台,新宫,诚苑南里,113.00㎡,南 北,3室1厅1卫
整租·合生滨江帝景一期 3室1厅 南/北,通州,玉桥,合生滨江帝景一期,112.13㎡,南 北,3室1厅1卫
整租·金隅观澜时代 3室1厅 东/西,昌平,东关,金隅观澜时代,100.00㎡,东 西,3室1厅1卫
整租·梧桐苑知秋园 3室2厅 南/北,门头沟,上岸地铁,梧桐苑知秋园,119.49㎡,南 北,3室2厅2卫
整租·同华园 3室2厅 南/北,大兴,西红门,同华园,117.44㎡,南 北,3室2厅1卫
整租·福星花园 3室1厅 南/北,大兴,西红门,福星花园,108.00㎡,南 北,3室1厅1卫
整租·龙跃苑一区 3室1厅 南/北,昌平,回龙观,龙跃苑一区,112.00㎡,南 北,3室1厅1卫
整租·长阳半岛3号院 3室1厅 南/北,房山,长阳,长阳半岛3号院,119.61㎡,南 北,3室1厅2卫
整租·西上园三区 3室2厅 南/北,通州,武夷花园,西上园三区,104.00㎡,南 北,3室2厅1卫
整租·朝丰家园6号院 3室2厅 南/北,朝阳,豆各庄,朝丰家园6号院,107.00㎡,南 北,3室2厅1卫
整租·长阳半岛怡和南路8号院 3室1厅 南/北,房山,长阳,长阳半岛怡和南路8号院,102.41㎡,南 北,3室1厅1卫
整租·长桥园公寓 3室1厅 南/北,通州,通州北苑,长桥园公寓,104.36㎡,南 北,3室1厅1卫
整租·鲁能7号院水岸公馆 3室2厅 南/北,顺义,马坡,鲁能7号院水岸公馆,119.00㎡,南 北,3室2厅2卫
整租·莲水怡园 3室1厅 南/北,通州,马驹桥,莲水怡园,119.95㎡,南 北,3室1厅2卫
整租·怡乐北街 3室1厅 南/北,通州,九棵树(家乐福),怡乐北街,105.00㎡,南 北,3室1厅1卫
整租·长安花园 3室1厅 东南/西北,朝阳,望京,长安花园,107.26㎡,东南 西北,3室1厅1卫
整租·天竺花园 3室1厅 南/北,顺义,天竺,天竺花园,108.00㎡,南 北,3室1厅1卫
整租·映翠居 3室1厅 南/北,通州,梨园,映翠居,115.00㎡,南 北,3室1厅2卫
整租·徜徉嘉园5号院 3室2厅 南/北,房山,长阳,徜徉嘉园5号院,111.00㎡,南 北,3室2厅2卫
整租·贵园北里甲区 3室1厅 南/北,亦庄开发区,亦庄,贵园北里甲区,103.00㎡,南 北,3室1厅1卫
整租·尚城 4房间 复式 东南,昌平,回龙观,尚城,100.00㎡,东南,4房间2卫
整租·华业东方玫瑰A区 3室2厅 南/北,通州,临河里,华业东方玫瑰A区,116.84㎡,南 北,3室2厅1卫
整租·华兴园 3室2厅 东北,通州,通州北苑,华兴园,115.93㎡,东北,3室2厅1卫
整租·公庄小区 3室2厅 南/北,通州,梨园,公庄小区,116.00㎡,南 北,3室2厅2卫
整租·万科天地 3室1厅 复式 南,大兴,义和庄,万科天地,110.00㎡,南,3室1厅2卫
整租·绿岛家园 3室2厅 南/北,门头沟,城子,绿岛家园,101.91㎡,南 北,3室2厅1卫
整租·万科天地 3室1厅 复式 西,大兴,义和庄,万科天地,120.00㎡,西,3室1厅2卫
整租·艺苑西里 3室2厅 南/西/北,通州,果园,艺苑西里,110.00㎡,南 西 北,3室2厅1卫
整租·万科天地 3室1厅 复式 西,大兴,义和庄,万科天地,110.00㎡,西,3室1厅2卫
整租·北亚花园 3室1厅 南/北,昌平,北七家,北亚花园,112.00㎡,南 北,3室1厅1卫
整租·金域缇香 3室1厅 南/北,房山,长阳,金域缇香,102.94㎡,南 北,3室1厅1卫
整租·首座御园一区二期 3室1厅 南/北,大兴,枣园,首座御园一区二期,120.00㎡,南 北,3室1厅1卫
整租·丽园B区 3室1厅 南/北,大兴,枣园,丽园B区,101.24㎡,南 北,3室1厅1卫
整租·芳源里 3室1厅 南/北,大兴,旧宫,芳源里,100.50㎡,南 北,3室1厅1卫
整租·观音寺北里 3室1厅 南/北,大兴,观音寺,观音寺北里,107.11㎡,南 北,3室1厅1卫
整租·温泉花园B区 3室1厅 南/北,昌平,北七家,温泉花园B区,109.00㎡,南 北,3室1厅2卫
整租·鑫園 3室2厅 南/北,丰台,丰台其它,鑫園,120.00㎡,南 北,3室2厅2卫
整租·南竺园 3室2厅 南/北,顺义,首都机场,南竺园,108.00㎡,南 北,3室2厅2卫
整租·康庄路52号院 3室1厅 南/北,大兴,枣园,康庄路52号院,107.48㎡,南 北,3室1厅1卫
整租·阿尔法社区二期 3室1厅 南/北,通州,九棵树(家乐福),阿尔法社区二期,115.00㎡,南 北,3室1厅1卫
整租·东营前街 3室1厅 南/北,通州,万达,东营前街,111.00㎡,南 北,3室1厅2卫
整租·北街家园六区 3室1厅 南/北,昌平,沙河,北街家园六区,106.76㎡,南 北,3室1厅1卫
整租·裕祥花园 3室2厅 南/北,顺义,后沙峪,裕祥花园,100.14㎡,南 北,3室2厅3卫
整租·车站北里 3室1厅 南/北,大兴,黄村火车站,车站北里,109.00㎡,南 北,3室1厅1卫
整租·首开香溪郡 3室1厅 南/北,通州,通州其它,首开香溪郡,102.00㎡,南 北,3室1厅1卫
整租·天堂河东区 3室1厅 南/北,大兴,天宫院,天堂河东区,120.00㎡,南 北,3室1厅1卫
整租·艺苑东里 3室2厅 南/北,通州,乔庄,艺苑东里,110.89㎡,南 北,3室2厅1卫
整租·中泽雅园 3室1厅 南/北,通州,九棵树(家乐福),中泽雅园,118.23㎡,南 北,3室1厅2卫
整租·阿尔法社区三期 3室1厅 南/北,通州,九棵树(家乐福),阿尔法社区三期,110.00㎡,南 北,3室1厅2卫
整租·石园北区 3室1厅 东/西,顺义,顺义城,石园北区,105.00㎡,东 西,3室1厅1卫
整租·华英园 3室2厅 南/北,顺义,顺义其它,华英园,104.00㎡,南 北,3室2厅1卫
整租·一世情园 3室1厅 南/北,通州,马驹桥,一世情园,120.00㎡,南 北,3室1厅1卫
整租·新悦家园 3室1厅 南/北,昌平,鼓楼大街,新悦家园,109.88㎡,南 北,3室1厅1卫
独栋·回家理想乡 极客丛林二期 夏天中的凉意 4室1厅,,,,12.00-24.00㎡,,4室1厅2卫
整租·中信禧园 3室1厅 南/北,西城,陶然亭,中信禧园,142.07㎡,南 北,3室1厅2卫
整租·北蜂窝路5号院 3室1厅 南/北,海淀,军博,北蜂窝路5号院,146.00㎡,南 北,3室1厅2卫
整租·建国门北大街5号 3室1厅 东,东城,建国门内,建国门北大街5号,191.74㎡,东,3室1厅2卫
整租·丰融园 3室2厅 南/北,西城,金融街,丰融园,158.00㎡,南 北,3室2厅2卫
整租·中海九号公馆二区 3室2厅 南/北,丰台,科技园区,中海九号公馆二区,177.81㎡,南 北,3室2厅3卫
整租·龙湖双珑原著 3室2厅 复式 南/北,朝阳,中央别墅区,龙湖双珑原著,195.00㎡,南 北,3室2厅4卫
整租·公园1872 3室2厅 西南,朝阳,石佛营,公园1872,227.38㎡,西南,3室2厅3卫
整租·雅安国际公寓 3室1厅 东/南,东城,建国门内,雅安国际公寓,149.27㎡,东 南,3室1厅2卫
整租·臻园 3室2厅 南/北,朝阳,望京,臻园,149.00㎡,南 北,3室2厅2卫
整租·丽都水岸 3室2厅 南/北,朝阳,酒仙桥,丽都水岸,176.37㎡,南 北,3室2厅2卫
整租·北京财富中心 3室2厅 南/西/北,朝阳,东大桥,北京财富中心,202.00㎡,南 西 北,3室2厅3卫
整租·蓝堡国际公寓 3室1厅 东南/西北,朝阳,CBD,蓝堡国际公寓,156.22㎡,东南 西北,3室1厅2卫
整租·太阳公元北区 3室2厅 南/北,朝阳,太阳宫,太阳公元北区,137.56㎡,南 北,3室2厅2卫
整租·臻园 3室2厅 南/北,朝阳,望京,臻园,148.81㎡,南 北,3室2厅2卫
整租·泰禾北京院子 3室2厅 南/北,朝阳,中央别墅区,泰禾北京院子,168.00㎡,南 北,3室2厅2卫
整租·御金台 3室2厅 东/南/北,朝阳,东大桥,御金台,304.75㎡,东 南 北,3室2厅3卫
整租·保利东郡 3室2厅 南/北,朝阳,石佛营,保利东郡,168.59㎡,南 北,3室2厅3卫
整租·阳光上东 3室2厅 东南/西北,朝阳,酒仙桥,阳光上东,164.00㎡,东南 西北,3室2厅2卫
整租·新康街1号院 3室2厅 南/北,西城,马甸,新康街1号院,154.29㎡,南 北,3室2厅2卫
整租·太阳公元南区 3室2厅 南/北,朝阳,太阳宫,太阳公元南区,137.00㎡,南 北,3室2厅1卫
整租·尚座大厦 3室1厅 东南,西城,金融街,尚座大厦,173.70㎡,东南,3室1厅1卫
整租·乐成国际 3室2厅 南/北,朝阳,双井,乐成国际,148.80㎡,南 北,3室2厅2卫
整租·使馆壹号院 3室2厅 南/北,东城,东直门,使馆壹号院,183.96㎡,南 北,3室2厅2卫
整租·首开熙悦尚郡 3室2厅 南/北,朝阳,朝青,首开熙悦尚郡,130.00㎡,南 北,3室2厅2卫
整租·北京财富中心 3室2厅 东南,朝阳,东大桥,北京财富中心,167.00㎡,东南,3室2厅2卫
整租·SOHO北京公馆 3室1厅 东/西/北,朝阳,亮马桥,SOHO北京公馆,318.38㎡,东 西 北,3室1厅3卫
整租·亚运新新家园林澜园 3室2厅 南/北,朝阳,亚运村小营,亚运新新家园林澜园,173.94㎡,南 北,3室2厅2卫
整租·SOHO北京公馆 3室1厅 东/东南/南,朝阳,亮马桥,SOHO北京公馆,238.20㎡,东 东南 南,3室1厅3卫
整租·远洋沁山水 3室2厅 南/北,石景山,鲁谷,远洋沁山水,139.66㎡,南 北,3室2厅2卫
整租·富力城D区 3室2厅 南/北,朝阳,双井,富力城D区,237.07㎡,南 北,3室2厅3卫
整租·远大园五区 3室2厅 南/北,海淀,世纪城,远大园五区,169.85㎡,南 北,3室2厅2卫
整租·凤凰城一期 3室2厅 东南,朝阳,三元桥,凤凰城一期,164.62㎡,东南,3室2厅2卫
整租·峻峰华亭 3室1厅 东/西,朝阳,健翔桥,峻峰华亭,222.00㎡,东 西,3室1厅1卫
整租·金宸国际公寓 3室2厅 南/北,西城,金融街,金宸国际公寓,205.51㎡,南 北,3室2厅3卫
整租·远洋天著二期 3室1厅 南/北,大兴,亦庄,远洋天著二期,231.37㎡,南 北,3室1厅4卫
整租·万科蓝山 3室1厅 南,朝阳,大望路,万科蓝山,165.00㎡,南,3室1厅2卫
整租·北京财富中心 3室1厅 西南,朝阳,东大桥,北京财富中心,185.00㎡,西南,3室1厅2卫
整租·梵悦万国府 3室2厅 西北,东城,东直门,梵悦万国府,196.60㎡,西北,3室2厅2卫
整租·贡院九号 3室1厅 东北,东城,建国门内,贡院九号,150.10㎡,东北,3室1厅2卫
整租·碧水云天 3室2厅 南/西,海淀,万柳,碧水云天,148.41㎡,南 西,3室2厅2卫
整租·凤凰城一期 3室2厅 南,朝阳,三元桥,凤凰城一期,185.66㎡,南,3室2厅2卫
整租·臻园 3室2厅 南/北,朝阳,望京,臻园,148.81㎡,南 北,3室2厅2卫
整租·泰禾北京院子 3室2厅 南/北,朝阳,中央别墅区,泰禾北京院子,168.00㎡,南 北,3室2厅2卫
整租·御金台 3室2厅 东/南/北,朝阳,东大桥,御金台,304.75㎡,东 南 北,3室2厅3卫
整租·保利东郡 3室2厅 南/北,朝阳,石佛营,保利东郡,168.59㎡,南 北,3室2厅3卫
整租·阳光上东 3室2厅 东南/西北,朝阳,酒仙桥,阳光上东,164.00㎡,东南 西北,3室2厅2卫
整租·新康街1号院 3室2厅 南/北,西城,马甸,新康街1号院,154.29㎡,南 北,3室2厅2卫
整租·太阳公元南区 3室2厅 南/北,朝阳,太阳宫,太阳公元南区,137.00㎡,南 北,3室2厅1卫
整租·尚座大厦 3室1厅 东南,西城,金融街,尚座大厦,173.70㎡,东南,3室1厅1卫
整租·乐成国际 3室2厅 南/北,朝阳,双井,乐成国际,148.80㎡,南 北,3室2厅2卫
整租·使馆壹号院 3室2厅 南/北,东城,东直门,使馆壹号院,183.96㎡,南 北,3室2厅2卫
整租·首开熙悦尚郡 3室2厅 南/北,朝阳,朝青,首开熙悦尚郡,130.00㎡,南 北,3室2厅2卫
整租·北京财富中心 3室2厅 东南,朝阳,东大桥,北京财富中心,167.00㎡,东南,3室2厅2卫
整租·SOHO北京公馆 3室1厅 东/西/北,朝阳,亮马桥,SOHO北京公馆,318.38㎡,东 西 北,3室1厅3卫
整租·亚运新新家园林澜园 3室2厅 南/北,朝阳,亚运村小营,亚运新新家园林澜园,173.94㎡,南 北,3室2厅2卫
整租·SOHO北京公馆 3室1厅 东/东南/南,朝阳,亮马桥,SOHO北京公馆,238.20㎡,东 东南 南,3室1厅3卫
整租·远洋沁山水 3室2厅 南/北,石景山,鲁谷,远洋沁山水,139.66㎡,南 北,3室2厅2卫
整租·国锐金嵿 3室2厅 南/北,亦庄开发区,亦庄,国锐金嵿,270.00㎡,南 北,3室2厅2卫
整租·阳光上东 3室2厅 南/北,朝阳,酒仙桥,阳光上东,217.00㎡,南 北,3室2厅2卫
整租·高尔夫国际公寓 3室2厅 南/北,朝阳,农展馆,高尔夫国际公寓,280.00㎡,南 北,3室2厅3卫
独栋·回家理想乡 极客丛林二期 夏天中的凉意 4室1厅,,,,12.00-24.00㎡,,4室1厅2卫
独栋·回家理想乡 极客丛林二期 夏天中的凉意 4室1厅,,,,12.00-24.00㎡,,4室1厅2卫
整租·如园北区 3室2厅 南/北,海淀,西北旺,如园北区,228.01㎡,南 北,3室2厅2卫
整租·凤凰城二期 3室2厅 南/北,朝阳,三元桥,凤凰城二期,155.35㎡,南 北,3室2厅2卫
整租·首城国际C区 3室2厅 南/北,朝阳,双井,首城国际C区,170.00㎡,南 北,3室2厅2卫
整租·陶然北岸 3室2厅 东南,西城,陶然亭,陶然北岸,151.00㎡,东南,3室2厅1卫
整租·梵悦万国府 3室2厅 西北,东城,东直门,梵悦万国府,196.00㎡,西北,3室2厅2卫
整租·翠叠园 3室2厅 南/北,海淀,世纪城,翠叠园,171.00㎡,南 北,3室2厅2卫
整租·四合上院 3室1厅 南/北,西城,宣武门,四合上院,151.12㎡,南 北,3室1厅1卫
整租·华普花园 3室2厅 复式 北,东城,东直门,华普花园,205.91㎡,北,3室2厅2卫
整租·中信禧园 3室1厅 南/北,西城,陶然亭,中信禧园,141.85㎡,南 北,3室1厅2卫
整租·中骏天宸 3室2厅 东/西,西城,六铺炕,中骏天宸,137.00㎡,东 西,3室2厅2卫
整租·太阳公元南区 3室2厅 东/南/北,朝阳,太阳宫,太阳公元南区,130.00㎡,东 南 北,3室2厅2卫
整租·红玺台 3室1厅 南/北,朝阳,太阳宫,红玺台,169.00㎡,南 北,3室1厅2卫
整租·国奥村 3室2厅 南/北,朝阳,奥林匹克公园,国奥村,194.06㎡,南 北,3室2厅3卫
整租·观湖国际 3室1厅 南/北,朝阳,朝阳公园,观湖国际,184.46㎡,南 北,3室1厅2卫
整租·新壁街 3室2厅 东/西,西城,西单,新壁街,156.00㎡,东 西,3室2厅2卫
整租·尊悦光华 3室1厅 东南,朝阳,CBD,尊悦光华,135.00㎡,东南,3室1厅1卫
整租·复兴路乙4号院 3室2厅 南/北,海淀,军博,复兴路乙4号院,135.83㎡,南 北,3室2厅2卫
整租·万国城MOMA 3室2厅 西,东城,东直门,万国城MOMA,158.29㎡,西,3室2厅2卫
整租·绿城北京诚园 3室2厅 南/西,朝阳,南沙滩,绿城北京诚园,143.40㎡,南 西,3室2厅2卫
整租·太仆寺33号院 3室1厅 南/北,西城,西单,太仆寺33号院,149.00㎡,南 北,3室1厅2卫
整租·西钓鱼台嘉园 3室1厅 南,海淀,定慧寺,西钓鱼台嘉园,131.00㎡,南,3室1厅2卫
整租·棕榈泉国际公寓 3室2厅 南/北,朝阳,朝阳公园,棕榈泉国际公寓,180.47㎡,南 北,3室2厅2卫
整租·紫金长安 3室2厅 南/北,海淀,五棵松,紫金长安,185.00㎡,南 北,3室2厅2卫
整租·国奥村 3室2厅 南/北,朝阳,奥林匹克公园,国奥村,201.00㎡,南 北,3室2厅3卫
整租·枫桦豪景一期 3室1厅 南/北,西城,牛街,枫桦豪景一期,186.39㎡,南 北,3室1厅1卫
整租·天兆家园 3室1厅 南/北,海淀,小西天,天兆家园,139.00㎡,南 北,3室1厅2卫
整租·东湖湾二期 3室2厅 南/北,朝阳,望京,东湖湾二期,170.14㎡,南 北,3室2厅2卫
整租·人济山庄 3室2厅 东/南,海淀,紫竹桥,人济山庄,157.13㎡,东 南,3室2厅2卫
整租·金尚嘉园 3室2厅 南/北,海淀,牡丹园,金尚嘉园,166.45㎡,南 北,3室2厅2卫
整租·王府仓胡同10号院 3室2厅 南/北,西城,金融街,王府仓胡同10号院,125.50㎡,南 北,3室2厅1卫
整租·万泉新新家园 3室1厅 南/北,海淀,万柳,万泉新新家园,143.00㎡,南 北,3室1厅2卫
整租·公园1872 3室2厅 南/西/北,朝阳,石佛营,公园1872,273.21㎡,南 西 北,3室2厅3卫
整租·首府官邸 3室1厅 南/北,朝阳,大望路,首府官邸,367.00㎡,南 北,3室1厅3卫
整租·中国玺 3室2厅 南/北,丰台,右安门外,中国玺,218.00㎡,南 北,3室2厅3卫
整租·时间国际 3室1厅 南/北,朝阳,三元桥,时间国际,182.88㎡,南 北,3室1厅2卫
整租·万国城MOMA 3室2厅 东/南/北,东城,东直门,万国城MOMA,225.04㎡,东 南 北,3室2厅2卫
整租·龙湾别墅 3室2厅 南/北,顺义,中央别墅区,龙湾别墅,300.00㎡,南 北,3室2厅3卫
整租·棕榈泉国际公寓 3室2厅 南/北,朝阳,朝阳公园,棕榈泉国际公寓,220.00㎡,南 北,3室2厅2卫
整租·涧桥泊屋 3室1厅 东/南/北,海淀,万柳,涧桥泊屋,162.52㎡,东 南 北,3室1厅2卫
整租·景粼原著 3室2厅 复式 南/北,朝阳,中央别墅区,景粼原著,194.19㎡,南 北,3室2厅4卫
整租·太阳公元北区 3室2厅 南/北,朝阳,太阳宫,太阳公元北区,162.00㎡,南 北,3室2厅2卫
整租·公园大道 3室1厅 西北,朝阳,朝阳公园,公园大道,178.37㎡,西北,3室1厅2卫
整租·阜成路8号院 3室2厅 南/北,海淀,甘家口,阜成路8号院,145.00㎡,南 北,3室2厅2卫
整租·观湖国际 3室2厅 南/北,朝阳,朝阳公园,观湖国际,185.00㎡,南 北,3室2厅2卫
整租·世茂奥临花园 3室2厅 南/北,朝阳,奥林匹克公园,世茂奥临花园,199.00㎡,南 北,3室2厅2卫
整租·龙湖唐宁one 3室2厅 东/西,海淀,五道口,龙湖唐宁one,185.00㎡,东 西,3室2厅2卫
整租·中粮祥云国际生活区 3室2厅 南/北,顺义,后沙峪,中粮祥云国际生活区,330.00㎡,南 北,3室2厅2卫
整租·富力城D区 3室2厅 南/北,朝阳,双井,富力城D区,170.97㎡,南 北,3室2厅2卫
整租·紫金长安 3室2厅 南/北,海淀,五棵松,紫金长安,185.00㎡,南 北,3室2厅2卫
整租·太阳公元南区 3室1厅 南/北,朝阳,太阳宫,太阳公元南区,158.94㎡,南 北,3室1厅2卫
整租·亮马名居 3室2厅 南/北,朝阳,燕莎,亮马名居,163.00㎡,南 北,3室2厅2卫
整租·福景苑 3室2厅 东/北,朝阳,燕莎,福景苑,225.00㎡,东 北,3室2厅3卫
整租·橡树湾五期 3室2厅 南/北,海淀,清河,橡树湾五期,145.00㎡,南 北,3室2厅2卫
整租·景粼原著 3室2厅 南/北,朝阳,中央别墅区,景粼原著,138.00㎡,南 北,3室2厅2卫
整租·人济山庄 3室2厅 西南,海淀,紫竹桥,人济山庄,158.89㎡,西南,3室2厅2卫
整租·禧瑞都 3室1厅 东北,朝阳,红庙,禧瑞都,175.00㎡,东北,3室1厅1卫
整租·光大花园 3室2厅 西北,海淀,万柳,光大花园,142.88㎡,西北,3室2厅2卫
整租·盛今佳园 4房间 南,海淀,六里桥,盛今佳园,200.00㎡,南,4房间2卫
整租·万科东第 3室2厅 西南/北,朝阳,甜水园,万科东第,163.00㎡,西南 北,3室2厅2卫
整租·万国城MOMA 3室1厅 东/北,东城,东直门,万国城MOMA,140.06㎡,东 北,3室1厅2卫
整租·物华大厦 3室1厅 东/南,西城,阜成门,物华大厦,191.53㎡,东 南,3室1厅2卫
整租·冠英园小区 3室2厅 南/北,西城,官园,冠英园小区,148.50㎡,南 北,3室2厅2卫
整租·国典华园 3室2厅 南,朝阳,安贞,国典华园,147.04㎡,南,3室2厅2卫
整租·正东国际大厦 3室1厅 西南,东城,东直门,正东国际大厦,210.45㎡,西南,3室1厅2卫
整租·丽都壹号 3室1厅 复式 南/北,朝阳,酒仙桥,丽都壹号,136.00㎡,南 北,3室1厅2卫
整租·凯德品元 3室2厅 南/西南,朝阳,马甸,凯德品元,177.51㎡,南 西南,3室2厅2卫
整租·中骏天宸 3室2厅 东/西,西城,六铺炕,中骏天宸,137.76㎡,东 西,3室2厅2卫
整租·禾风仕家 3室1厅 东,东城,金宝街,禾风仕家,133.00㎡,东,3室1厅2卫
整租·车公庄北里 3室2厅 南/北,西城,车公庄,车公庄北里,140.60㎡,南 北,3室2厅2卫
整租·荷清苑 3室1厅 南/北,海淀,五道口,荷清苑,139.00㎡,南 北,3室1厅2卫
整租·银河湾 3室2厅 南/北,朝阳,酒仙桥,银河湾,149.87㎡,南 北,3室2厅2卫
整租·万国城MOMA 3室2厅 东/南,东城,东直门,万国城MOMA,157.17㎡,东 南,3室2厅2卫
整租·汤泉逸墅 3室2厅 南/北,海淀,四季青,汤泉逸墅,169.79㎡,南 北,3室2厅2卫
整租·泛海国际香海园 3室2厅 南/北,朝阳,朝阳公园,泛海国际香海园,182.00㎡,南 北,3室2厅2卫
整租·博雅园 3室1厅 南/北,朝阳,农展馆,博雅园,170.82㎡,南 北,3室1厅2卫
整租·鸿坤花语墅 3室2厅 南/北,朝阳,大望路,鸿坤花语墅,145.00㎡,南 北,3室2厅2卫
整租·官苑8号 3室2厅 西南,西城,官园,官苑8号,121.62㎡,西南,3室2厅2卫
整租·天鹅湾北区 3室2厅 南/北,朝阳,朝青,天鹅湾北区,252.71㎡,南 北,3室2厅3卫
整租·远洋天著春秋 3室1厅 南/北,石景山,石景山其它,远洋天著春秋,160.00㎡,南 北,3室1厅2卫
整租·碧水云天 3室2厅 南,海淀,万柳,碧水云天,146.00㎡,南,3室2厅2卫
整租·雍和家园一期 3室2厅 南/西,东城,和平里,雍和家园一期,202.00㎡,南 西,3室2厅2卫
整租·凤凰城一期 3室1厅 南/北,朝阳,三元桥,凤凰城一期,183.00㎡,南 北,3室1厅2卫
整租·景粼原著 3室2厅 复式 南/北,朝阳,中央别墅区,景粼原著,194.19㎡,南 北,3室2厅4卫
整租·观湖国际 3室2厅 东/南/西,朝阳,朝阳公园,观湖国际,175.44㎡,东 南 西,3室2厅2卫
整租·黄庄小区 3室1厅 东/南/北,海淀,中关村,黄庄小区,127.00㎡,东 南 北,3室1厅2卫
整租·金尚嘉园 3室2厅 南/北,海淀,牡丹园,金尚嘉园,154.00㎡,南 北,3室2厅2卫
整租·冠英园小区 3室2厅 南/北,西城,官园,冠英园小区,139.20㎡,南 北,3室2厅2卫
整租·东湖湾一期 3室2厅 南/北,朝阳,望京,东湖湾一期,167.89㎡,南 北,3室2厅2卫
整租·主语家园 3室1厅 南/北,海淀,紫竹桥,主语家园,216.76㎡,南 北,3室1厅3卫
整租·四合上院 3室2厅 南/北,西城,宣武门,四合上院,146.25㎡,南 北,3室2厅2卫
整租·六铺炕三区 4室1厅 东/西/北,西城,六铺炕,六铺炕三区,103.10㎡,东 西 北,4室1厅1卫
整租·翡翠四季B区 4室1厅 复式 东/南/北,通州,通州其它,翡翠四季B区,108.00㎡,东 南 北,4室1厅1卫
整租·苹果社区北区 4室2厅 南,朝阳,双井,苹果社区北区,118.32㎡,南,4室2厅2卫
整租·苹果社区北区 4室2厅 南,朝阳,双井,苹果社区北区,118.32㎡,南,4室2厅2卫
整租·世华龙樾二期 4室1厅 复式 南/北,海淀,清河,世华龙樾二期,107.00㎡,南 北,4室1厅2卫
整租·苹果社区北区 4室1厅 北,朝阳,双井,苹果社区北区,114.46㎡,北,4室1厅2卫
整租·财智国际大厦 5室1厅 东,海淀,五道口,财智国际大厦,109.70㎡,东,5室1厅1卫
整租·德露苑 4室2厅 南/北,门头沟,滨河西区,德露苑,158.68㎡,南 北,4室2厅2卫
整租·世嘉光织谷东区 4室2厅 南/北,怀柔,怀柔,世嘉光织谷东区,190.00㎡,南 北,4室2厅3卫
整租·海阔水岸花墅 4室2厅 东/西,密云,密云镇,海阔水岸花墅,134.20㎡,东 西,4室2厅3卫
整租·首开缇香郡 4室2厅 复式 南/北,通州,通州其它,首开缇香郡,155.22㎡,南 北,4室2厅2卫
整租·世嘉光织谷西区 5室1厅 南/北,怀柔,怀柔,世嘉光织谷西区,152.74㎡,南 北,5室1厅2卫
整租·田家园小区 6室2厅 复式 南/北,房山,窦店,田家园小区,161.45㎡,南 北,6室2厅2卫
整租·金色漫香郡南区 4室2厅 南/北,大兴,南中轴机场商务区,金色漫香郡南区,126.00㎡,南 北,4室2厅2卫
整租·马坡花园一区 4室2厅 南/北,顺义,马坡,马坡花园一区,127.16㎡,南 北,4室2厅2卫
整租·涧桥山 4室2厅 跃层 南/北,密云,果园街道,涧桥山,200.00㎡,南 北,4室2厅3卫
整租·格林云墅 4室2厅 南/北,大兴,南中轴机场商务区,格林云墅,136.00㎡,南 北,4室2厅2卫
整租·燕化星城北里 5室2厅 复式 南/北,房山,阎村,燕化星城北里,151.74㎡,南 北,5室2厅2卫
整租·华远和墅 4室2厅 南/北,大兴,南中轴机场商务区,华远和墅,149.00㎡,南 北,4室2厅2卫
整租·涧桥山 4室2厅 复式 南/北,密云,果园街道,涧桥山,212.31㎡,南 北,4室2厅3卫
整租·观音寺新区 4室2厅 复式 南/北,大兴,观音寺,观音寺新区,138.23㎡,南 北,4室2厅2卫
整租·怡秀园小区 4室1厅 东南,海淀,万柳,怡秀园小区,102.00㎡,东南,4室1厅1卫
整租·电建北院 5室2厅 复式 东南/北,朝阳,定福庄,电建北院,100.99㎡,东南 北,5室2厅2卫
整租·中铁诺德·逸府 4室1厅 南/北,丰台,花乡,中铁诺德·逸府,118.00㎡,南 北,4室1厅2卫
整租·江山赋 4室3厅 南/北,顺义,后沙峪,江山赋,114.00㎡,南 北,4室3厅2卫
整租·延静里 4室1厅 南/北,朝阳,甜水园,延静里,116.00㎡,南 北,4室1厅1卫
整租·中海寰宇时代 4室2厅 南/北,大兴,瀛海,中海寰宇时代,109.00㎡,南 北,4室2厅2卫
整租·天通苑五区 4室1厅 南/北,昌平,天通苑,天通苑五区,119.31㎡,南 北,4室1厅1卫
整租·枫丹壹号二期 4室2厅 南/北,亦庄开发区,亦庄开发区其它,枫丹壹号二期,112.15㎡,南 北,4室2厅2卫
整租·通惠家园 4室0厅 东北,朝阳,四惠,通惠家园,118.00㎡,东北,4室0厅1卫
整租·车公庄西路20号院 4室1厅 南/北,海淀,甘家口,车公庄西路20号院,115.00㎡,南 北,4室1厅1卫
整租·月坛北小街5号院 4室1厅 南/北,西城,月坛,月坛北小街5号院,100.50㎡,南 北,4室1厅1卫
整租·恩济庄96号院 4室1厅 复式 南/北,海淀,定慧寺,恩济庄96号院,120.00㎡,南 北,4室1厅1卫
整租·泰禾中央广场 4室1厅 复式 东/东南,大兴,黄村火车站,泰禾中央广场,118.34㎡,东 东南,4室1厅2卫
整租·航天城小区 4室1厅 南/北,海淀,海淀北部新区,航天城小区,120.00㎡,南 北,4室1厅2卫
整租·自主城 7房间 南/北,朝阳,小红门,自主城,110.00㎡,南 北,7房间1卫
整租·双惠小区 4室1厅 南/北,朝阳,双桥,双惠小区,112.05㎡,南 北,4室1厅2卫
整租·朝阳门北小街 4室2厅 南/北,东城,朝阳门内,朝阳门北小街,118.00㎡,南 北,4室2厅2卫
整租·魏公村佳苑 4室1厅 南/北,海淀,魏公村,魏公村佳苑,115.00㎡,南 北,4室1厅2卫
整租·紫竹院南路20号院 4室1厅 南/北,海淀,紫竹桥,紫竹院南路20号院,113.00㎡,南 北,4室1厅2卫
整租·怡秀园小区 4室1厅 东/南/西/北,海淀,万柳,怡秀园小区,119.02㎡,东 南 西 北,4室1厅1卫
整租·甘家口8号院 4室1厅 南/北,海淀,甘家口,甘家口8号院,102.00㎡,南 北,4室1厅1卫
整租·枫丹壹号二期 4室1厅 南/北,亦庄开发区,亦庄开发区其它,枫丹壹号二期,112.00㎡,南 北,4室1厅2卫
整租·红木林北区 4室2厅 南/北,大兴,枣园,红木林北区,109.00㎡,南 北,4室2厅2卫
整租·江山赋 4室3厅 南/北,顺义,后沙峪,江山赋,114.00㎡,南 北,4室3厅2卫
整租·农展南里 4室2厅 东南,朝阳,农展馆,农展南里,114.00㎡,东南,4室2厅2卫
整租·枫丹壹号二期 4室1厅 南,亦庄开发区,亦庄开发区其它,枫丹壹号二期,112.00㎡,南,4室1厅2卫
整租·金悦郡 4室1厅 南/北,通州,通州其它,金悦郡,118.00㎡,南 北,4室1厅2卫
整租·林肯公寓 6房间 西南,亦庄开发区,亦庄,林肯公寓,101.54㎡,西南,6房间3卫
整租·天通苑五区 4室1厅 南/北,昌平,天通苑,天通苑五区,119.31㎡,南 北,4室1厅1卫
整租·中铁诺德·逸府 4室1厅 南/北,丰台,花乡,中铁诺德·逸府,118.00㎡,南 北,4室1厅2卫
整租·草桥欣园18号院 4室1厅 西南/北,丰台,草桥,草桥欣园18号院,115.00㎡,西南 北,4室1厅1卫
整租·六铺炕一区 4室1厅 南/北,西城,六铺炕,六铺炕一区,105.00㎡,南 北,4室1厅1卫
整租·凤翔开发区 6室2厅 东/南/北,怀柔,怀柔,凤翔开发区,120.00㎡,东 南 北,6室2厅2卫
整租·电建北院 5室2厅 复式 东南/北,朝阳,定福庄,电建北院,100.99㎡,东南 北,5室2厅2卫
整租·南湖东园一区 4室1厅 南/西/北,朝阳,望京,南湖东园一区,109.00㎡,南 西 北,4室1厅1卫
整租·枫丹壹号二期 4室1厅 南/北,亦庄开发区,亦庄开发区其它,枫丹壹号二期,112.00㎡,南 北,4室1厅2卫
整租·枫丹壹号二期 4室2厅 南/北,亦庄开发区,亦庄开发区其它,枫丹壹号二期,113.10㎡,南 北,4室2厅2卫
整租·城市经典 4室1厅 东南,丰台,科技园区,城市经典,118.47㎡,东南,4室1厅2卫
整租·万科天地 4室2厅 南/北,大兴,义和庄,万科天地,120.00㎡,南 北,4室2厅3卫
整租·半岛金街 6房间 南/西南,房山,长阳,半岛金街,101.51㎡,南 西南,6房间2卫
整租·枫丹壹号二期 4室2厅 南/北,亦庄开发区,亦庄开发区其它,枫丹壹号二期,112.10㎡,南 北,4室2厅2卫
整租·富力华庭苑西区 4室2厅 南/北,大兴,大兴新机场,富力华庭苑西区,161.00㎡,南 北,4室2厅3卫
整租·瑞雪春堂 4室1厅 南/北,房山,良乡,瑞雪春堂,180.00㎡,南 北,4室1厅2卫
整租·龙湖香醍漫步四区北区 4室2厅 南/北,顺义,马坡,龙湖香醍漫步四区北区,140.00㎡,南 北,4室2厅2卫
整租·金地朗悦沁园 4室2厅 南/北,房山,长阳,金地朗悦沁园,138.08㎡,南 北,4室2厅2卫
整租·香悦四季 4室2厅 南/北,顺义,马坡,香悦四季,138.76㎡,南 北,4室2厅2卫
整租·马坡花园二区 4室2厅 南/北,顺义,马坡,马坡花园二区,155.43㎡,南 北,4室2厅2卫
整租·富力丹麦小镇D区 4室2厅 南/北,大兴,大兴新机场,富力丹麦小镇D区,153.08㎡,南 北,4室2厅3卫
整租·金汉绿港二区 4室1厅 南/北,顺义,顺义城,金汉绿港二区,156.80㎡,南 北,4室1厅2卫
整租·金隅糖 4室2厅 南/北,房山,长阳,金隅糖,137.00㎡,南 北,4室2厅2卫
整租·名流花园 4室1厅 南,昌平,北七家,名流花园,195.85㎡,南,4室1厅2卫
整租·北街家园六区 5室2厅 复式 东/南/西,昌平,沙河,北街家园六区,123.05㎡,东 南 西,5室2厅1卫
整租·新华小区 4室2厅 跃层 东/西,通州,万达,新华小区,187.00㎡,东 西,4室2厅2卫
整租·一世情园 4室2厅 南/北,通州,马驹桥,一世情园,160.00㎡,南 北,4室2厅2卫
整租·名流花园 5室1厅 北,昌平,北七家,名流花园,184.75㎡,北,5室1厅3卫
整租·桃花岛 4室2厅 南/北,通州,梨园,桃花岛,141.00㎡,南 北,4室2厅2卫
整租·观音寺新区 4室1厅 跃层 南/北,大兴,观音寺,观音寺新区,186.04㎡,南 北,4室1厅2卫
整租·永安里小区 5室0厅 南/北,昌平,鼓楼大街,永安里小区,145.39㎡,南 北,5室0厅2卫
整租·泰中花园 4室1厅 复式 南/北,大兴,高米店,泰中花园,174.00㎡,南 北,4室1厅3卫
整租·海阔水岸花墅 4室2厅 复式 南/北,密云,密云镇,海阔水岸花墅,233.70㎡,南 北,4室2厅3卫
整租·清岚花园回民营一区 4室1厅 南/北,顺义,后沙峪,清岚花园回民营一区,136.38㎡,南 北,4室1厅2卫
整租·南宫雅苑二期 4室2厅 南/北,丰台,丰台其它,南宫雅苑二期,177.82㎡,南 北,4室2厅3卫
整租·观音寺新区 4室2厅 南/北,大兴,观音寺,观音寺新区,186.00㎡,南 北,4室2厅2卫
整租·绿岛家园 4室2厅 南/北,门头沟,城子,绿岛家园,160.00㎡,南 北,4室2厅2卫
整租·富力华庭苑东区 4室2厅 南/北,大兴,大兴新机场,富力华庭苑东区,149.85㎡,南 北,4室2厅3卫
整租·天恒旭辉7号院 6房间 南,大兴,大兴新机场,天恒旭辉7号院,234.00㎡,南,6房间3卫
整租·西山艺境7号院 5房间 南,门头沟,大峪,西山艺境7号院,171.00㎡,南,5房间2卫
整租·双兴南区 5室2厅 南/北,顺义,顺义城,双兴南区,172.00㎡,南 北,5室2厅2卫
整租·福苑小区 5室1厅 南/北,大兴,大兴其它,福苑小区,160.00㎡,南 北,5室1厅2卫
整租·西湖新村 4室2厅 南/北,昌平,北七家,西湖新村,181.41㎡,南 北,4室2厅2卫
整租·香悦四季 4室2厅 南/北,顺义,马坡,香悦四季,139.17㎡,南 北,4室2厅2卫
整租·西湖新村 4室2厅 南/北,昌平,北七家,西湖新村,181.41㎡,南 北,4室2厅2卫
整租·新潮嘉园二期 5室2厅 南/北,通州,潞苑,新潮嘉园二期,205.00㎡,南 北,5室2厅3卫
整租·香悦四季 4室2厅 南/北,顺义,马坡,香悦四季,126.00㎡,南 北,4室2厅2卫
整租·天资华府 4室1厅 南/北,房山,长阳,天资华府,121.30㎡,南 北,4室1厅2卫
整租·富力飞常HAOS 5房间 南,大兴,大兴新机场,富力飞常HAOS,187.00㎡,南,5房间2卫
整租·加州水郡三期 4室2厅 东/南/北,房山,长阳,加州水郡三期,135.58㎡,东 南 北,4室2厅2卫
整租·世嘉光织谷东区 4室2厅 复式 南/北,怀柔,怀柔,世嘉光织谷东区,193.00㎡,南 北,4室2厅2卫
整租·天鹅堡 4室2厅 复式 南/北,通州,马驹桥,天鹅堡,189.35㎡,南 北,4室2厅3卫
整租·熙旺中心 7房间 东南,门头沟,滨河西区,熙旺中心,126.00㎡,东南,7房间1卫
整租·恒大未来城 5房间 南,大兴,义和庄,恒大未来城,120.58㎡,南,5房间3卫
整租·龙熙旭辉6號院 6房间 南/北,大兴,大兴新机场,龙熙旭辉6號院,123.51㎡,南 北,6房间3卫
整租·华远铭悦 4室2厅 南/西,通州,临河里,华远铭悦,161.00㎡,南 西,4室2厅2卫
整租·格林云墅 4室1厅 复式 南/北,大兴,南中轴机场商务区,格林云墅,190.00㎡,南 北,4室1厅2卫
整租·珠江国际城八区 4室2厅 东南/北,通州,潞苑,珠江国际城八区,171.00㎡,东南 北,4室2厅3卫
整租·北京苏活二区 7房间 南/北,顺义,顺义其它,北京苏活二区,125.00㎡,南 北,7房间2卫
整租·密云橡树湾东区 4室2厅 南/北,密云,鼓楼街道,密云橡树湾东区,183.55㎡,南 北,4室2厅2卫
整租·合生世界村 6房间 北,通州,马驹桥,合生世界村,141.00㎡,北,6房间4卫
整租·顺鑫花语 4室1厅 复式 南/北,顺义,顺义其它,顺鑫花语,193.21㎡,南 北,4室1厅1卫
整租·车站中里 4室2厅 南/北,大兴,黄村火车站,车站中里,167.00㎡,南 北,4室2厅2卫
整租·世嘉光织谷东区 5室2厅 复式 南/北,怀柔,怀柔,世嘉光织谷东区,161.06㎡,南 北,5室2厅2卫
整租·山语城一区 4室2厅 南/北,丰台,丰台其它,山语城一区,158.17㎡,南 北,4室2厅2卫
整租·富力丹麦小镇D区 4室1厅 南/北,大兴,大兴新机场,富力丹麦小镇D区,183.90㎡,南 北,4室1厅2卫
整租·海阔水岸花墅 4室2厅 南/北,密云,密云镇,海阔水岸花墅,244.23㎡,南 北,4室2厅3卫
整租·车站北里 4室2厅 南/北,大兴,黄村火车站,车站北里,168.81㎡,南 北,4室2厅2卫
整租·裕祥花园 4室2厅 南/北,顺义,后沙峪,裕祥花园,161.00㎡,南 北,4室2厅2卫
整租·天通苑五区 4室2厅 跃层 南/北,昌平,天通苑,天通苑五区,131.39㎡,南 北,4室2厅2卫
整租·华远铭悦 4室2厅 南/北,通州,临河里,华远铭悦,136.00㎡,南 北,4室2厅2卫
整租·王府温馨公寓 4室2厅 南/北,昌平,北七家,王府温馨公寓,180.00㎡,南 北,4室2厅2卫
整租·样本 4室2厅 南/北,通州,马驹桥,样本,163.65㎡,南 北,4室2厅2卫
整租·富力尚悦居A区 4室1厅 南/北,通州,通州其它,富力尚悦居A区,137.96㎡,南 北,4室1厅2卫
整租·望都新地二期 4室2厅 南/北,昌平,北七家,望都新地二期,151.00㎡,南 北,4室2厅2卫
整租·益田影人四季花园 4室2厅 南/北,怀柔,怀柔,益田影人四季花园,194.00㎡,南 北,4室2厅2卫
整租·双裕花园西区 4室2厅 南/北,顺义,后沙峪,双裕花园西区,172.60㎡,南 北,4室2厅2卫
整租·金汉绿港一区 4室1厅 南,顺义,顺义城,金汉绿港一区,148.00㎡,南,4室1厅2卫
整租·北京城建·龙樾西山 4室2厅 南,门头沟,冯村,北京城建·龙樾西山,134.74㎡,南,4室2厅2卫
整租·加华印象街 4室1厅 南/北,通州,武夷花园,加华印象街,159.42㎡,南 北,4室1厅2卫
整租·首开国风美仑 4室2厅 南,通州,通州其它,首开国风美仑,139.20㎡,南,4室2厅2卫
整租·金地仰山西区 4室2厅 南/北,大兴,高米店,金地仰山西区,139.00㎡,南 北,4室2厅2卫
整租·月亮湾 7室4厅 复式 南/北,顺义,顺义其它,月亮湾,271.30㎡,南 北,7室4厅3卫
整租·怡馨家园 4室2厅 南/北,顺义,顺义城,怡馨家园,148.41㎡,南 北,4室2厅2卫
整租·天竺花园 4室2厅 跃层 南/北,顺义,天竺,天竺花园,172.00㎡,南 北,4室2厅2卫
整租·蓝星花园 5室1厅 南/北,顺义,后沙峪,蓝星花园,173.55㎡,南 北,5室1厅2卫
整租·双裕花园西区 4室2厅 南/西/北,顺义,后沙峪,双裕花园西区,200.00㎡,南 西 北,4室2厅2卫
整租·春泽院 4室2厅 南/北,大兴,科技园区,春泽院,188.55㎡,南 北,4室2厅2卫
整租·富河园 4室2厅 复式 南/北,通州,北关,富河园,184.00㎡,南 北,4室2厅2卫
整租·柳岸景园 4室3厅 南/北,通州,乔庄,柳岸景园,175.51㎡,南 北,4室3厅3卫
整租·温泉花园A区 4室2厅 南/北,昌平,北七家,温泉花园A区,252.31㎡,南 北,4室2厅3卫
整租·怡馨家园 4室2厅 东/南/北,顺义,顺义城,怡馨家园,170.00㎡,东 南 北,4室2厅2卫
整租·红杉一品 4室2厅 南/北,顺义,顺义城,红杉一品,168.00㎡,南 北,4室2厅2卫
整租·丽湖馨居 6室2厅 复式 南/西/北,怀柔,怀柔,丽湖馨居,154.70㎡,南 西 北,6室2厅1卫
整租·万科青青家园 4室2厅 跃层 南/北,朝阳,豆各庄,万科青青家园,155.81㎡,南 北,4室2厅3卫
整租·和苑 4室2厅 南/北,门头沟,冯村,和苑,160.00㎡,南 北,4室2厅2卫
整租·富力飞常HAOS 6房间 东南,大兴,大兴新机场,富力飞常HAOS,266.80㎡,东南,6房间2卫
整租·样本 4室1厅 南/北,通州,马驹桥,样本,154.45㎡,南 北,4室1厅1卫
整租·金汉绿港二区 4室2厅 南/北,顺义,顺义城,金汉绿港二区,166.30㎡,南 北,4室2厅2卫